Workbook

Sheet Exec Summary
A1: VulnPulse — Executive Summary | D1: Period Start: | E1: 46204
A2: Source: 15 tag export file(s) | 515 hosts | 15 tags | D2: Period End: | E2: 46234
A4: 1. Flow — New / Remediated / Backlog (exact, from Created/Closed dates)
A5: Metric | B5: Count
A6: New Findings This Period | B6: =SUM(All_Findings_Raw!$S$2:$S$4274) -> 264
A7: Remediated This Period (true closes only) | B7: =SUM(All_Findings_Raw!$T$2:$T$4274) -> 254
A8: Currently Open (includes Reopened) | B8: =SUM(All_Findings_Raw!$R$2:$R$4274) -> 1817
A9: Backlog (open, predates this period) | B9: =SUMPRODUCT((All_Findings_Raw!$R$2:$R$4274=1)*(All_Findings_Raw!$H$2:$H$4274<$E$1)) -> 1696
A10: Currently Reopened (regressed findings) | B10: =SUM(All_Findings_Raw!$U$2:$U$4274) -> 221
A11: Net Change (New − Remediated) | B11: =B6-B7 -> 10
A13: 2. True Remediation Velocity & SLA Compliance
A14: Severity | B14: Avg Days to Close | C14: % Closed Within SLA | D14: Open Count | E14: SLA Breaches
A15: Critical | B15: =IFERROR(AVERAGEIFS(All_Findings_Raw!$P$2:$P$4274,All_Findings_Raw!$T$2:$T$4274,1,All_Findings_Raw!$G$2:$G$4274,A15),0) -> 11.778571 | C15: =IFERROR(SUMIFS(All_Findings_Raw!$W$2:$W$4274,All_Findings_Raw!$T$2:$T$4274,1,All_Findings_Raw!$G$2:$G$4274,A15)/SUMIFS(All_Findings_Raw!$T$2:$T$4274,All_Findings_Raw!$G$2:$G$4274,A15)*100,0) -> 72.857143 | D15: =SUMIFS(All_Findings_Raw!$R$2:$R$4274,All_Findings_Raw!$G$2:$G$4274,A15) -> 1147 | E15: =SUMIFS(All_Findings_Raw!$V$2:$V$4274,All_Findings_Raw!$G$2:$G$4274,A15) -> 1117
A16: High | B16: =IFERROR(AVERAGEIFS(All_Findings_Raw!$P$2:$P$4274,All_Findings_Raw!$T$2:$T$4274,1,All_Findings_Raw!$G$2:$G$4274,A16),0) -> 22.340659 | C16: =IFERROR(SUMIFS(All_Findings_Raw!$W$2:$W$4274,All_Findings_Raw!$T$2:$T$4274,1,All_Findings_Raw!$G$2:$G$4274,A16)/SUMIFS(All_Findings_Raw!$T$2:$T$4274,All_Findings_Raw!$G$2:$G$4274,A16)*100,0) -> 76.923077 | D16: =SUMIFS(All_Findings_Raw!$R$2:$R$4274,All_Findings_Raw!$G$2:$G$4274,A16) -> 609 | E16: =SUMIFS(All_Findings_Raw!$V$2:$V$4274,All_Findings_Raw!$G$2:$G$4274,A16) -> 574
A17: Medium | B17: =IFERROR(AVERAGEIFS(All_Findings_Raw!$P$2:$P$4274,All_Findings_Raw!$T$2:$T$4274,1,All_Findings_Raw!$G$2:$G$4274,A17),0) -> 55.217391 | C17: =IFERROR(SUMIFS(All_Findings_Raw!$W$2:$W$4274,All_Findings_Raw!$T$2:$T$4274,1,All_Findings_Raw!$G$2:$G$4274,A17)/SUMIFS(All_Findings_Raw!$T$2:$T$4274,All_Findings_Raw!$G$2:$G$4274,A17)*100,0) -> 86.956522 | D17: =SUMIFS(All_Findings_Raw!$R$2:$R$4274,All_Findings_Raw!$G$2:$G$4274,A17) -> 61 | E17: =SUMIFS(All_Findings_Raw!$V$2:$V$4274,All_Findings_Raw!$G$2:$G$4274,A17) -> 46
A18: Low | B18: =IFERROR(AVERAGEIFS(All_Findings_Raw!$P$2:$P$4274,All_Findings_Raw!$T$2:$T$4274,1,All_Findings_Raw!$G$2:$G$4274,A18),0) -> 0 | C18: =IFERROR(SUMIFS(All_Findings_Raw!$W$2:$W$4274,All_Findings_Raw!$T$2:$T$4274,1,All_Findings_Raw!$G$2:$G$4274,A18)/SUMIFS(All_Findings_Raw!$T$2:$T$4274,All_Findings_Raw!$G$2:$G$4274,A18)*100,0) -> 0 | D18: =SUMIFS(All_Findings_Raw!$R$2:$R$4274,All_Findings_Raw!$G$2:$G$4274,A18) -> 0 | E18: =SUMIFS(All_Findings_Raw!$V$2:$V$4274,All_Findings_Raw!$G$2:$G$4274,A18) -> 0

Sheet All_Findings_Raw
A1: Hostname | B1: HostType | C1: OSVersion | D1: Product | E1: CVE ID | F1: Status | G1: Severity | H1: Created Date | I1: Closed Date | J1: Base Score | K1: Tags | L1: Asset Criticality | M1: Vulnerability ID | N1: Recommended Remediations | O1: Age Days | P1: Days to Close | Q1: SLA Days | R1: Is Currently Open | S1: Is New (Period) | T1: Is Remediated (Period) | U1: Is Reopened | V1: Breached SLA (Open) | W1: Closed Within SLA | AA1: Severity | AB1: SLA Days
A2: APIGATEWAY-0105 | B2: Server | C2: RHEL 9 | D2: curl | E2: CVE-2023-38545 | F2: Closed | G2: High | H2: 46195 | I2: 46225 | J2: 7.5 | K2: API-Gateway | L2: High | M2: VULN-6749069 | N2: Schedule patch within next maintenance window; apply compensating WAF/firewall rule if delayed. | O2: ='Exec Summary'!$E$2-H2 -> 39 | P2: =IF(I2="","",I2-H2) -> 30 | Q2: =VLOOKUP(G2,$AA$2:$AB$5,2,FALSE()) -> 30 | R2: =IF(OR(F2="Open",F2="Reopened"),1,0) -> 0 | S2: =IF(AND(H2>='Exec Summary'!$E$1,H2<='Exec Summary'!$E$2),1,0) -> 0 | T2: =IF(AND(F2="Closed",I2<>"",I2>='Exec Summary'!$E$1,I2<='Exec Summary'!$E$2),1,0) -> 1 | U2: =IF(F2="Reopened",1,0) -> 0 | V2: =IF(AND(R2=1,O2>Q2),1,0) -> 0 | W2: =IF(AND(T2=1,P2<>"",P2<=Q2),1,0) -> 1 | AA2: Critical | AB2: 15
A3: APIGATEWAY-0105 | B3: Server | C3: RHEL 9 | D3: Jenkins | E3: CVE-2024-23897 | F3: Open | G3: Critical | H3: 46166 | J3: 9.8 | K3: API-Gateway | L3: High | M3: VULN-2154992 | N3: Apply vendor patch immediately; isolate host from network if patch unavailable within 24h. | O3: ='Exec Summary'!$E$2-H3 -> 68 | P3: =IF(I3="","",I3-H3) | Q3: =VLOOKUP(G3,$AA$2:$AB$5,2,FALSE()) -> 15 | R3: =IF(OR(F3="Open",F3="Reopened"),1,0) -> 1 | S3: =IF(AND(H3>='Exec Summary'!$E$1,H3<='Exec Summary'!$E$2),1,0) -> 0 | T3: =IF(AND(F3="Closed",I3<>"",I3>='Exec Summary'!$E$1,I3<='Exec Summary'!$E$2),1,0) -> 0 | U3: =IF(F3="Reopened",1,0) -> 0 | V3: =IF(AND(R3=1,O3>Q3),1,0) -> 1 | W3: =IF(AND(T3=1,P3<>"",P3<=Q3),1,0) -> 0 | AA3: High | AB3: 30
A4: APIGATEWAY-0105 | B4: Server | C4: RHEL 9 | D4: Windows Hyper-V | E4: CVE-2024-38080 | F4: Closed | G4: Critical | H4: 46051 | I4: 46063 | J4: 7.8 | K4: API-Gateway | L4: High | M4: VULN-9461748 | N4: Apply vendor patch immediately; isolate host from network if patch unavailable within 24h. | O4: ='Exec Summary'!$E$2-H4 -> 183 | P4: =IF(I4="","",I4-H4) -> 12 | Q4: =VLOOKUP(G4,$AA$2:$AB$5,2,FALSE()) -> 15 | R4: =IF(OR(F4="Open",F4="Reopened"),1,0) -> 0 | S4: =IF(AND(H4>='Exec Summary'!$E$1,H4<='Exec Summary'!$E$2),1,0) -> 0 | T4: =IF(AND(F4="Closed",I4<>"",I4>='Exec Summary'!$E$1,I4<='Exec Summary'!$E$2),1,0) -> 0 | U4: =IF(F4="Reopened",1,0) -> 0 | V4: =IF(AND(R4=1,O4>Q4),1,0) -> 0 | W4: =IF(AND(T4=1,P4<>"",P4<=Q4),1,0) -> 0 | AA4: Medium | AB4: 90
A5: APIGATEWAY-0105 | B5: Server | C5: RHEL 9 | D5: Veeam Backup | E5: CVE-2024-29849 | F5: Open | G5: High | H5: 46148 | J5: 8.1 | K5: API-Gateway | L5: High | M5: VULN-2615622 | N5: Schedule patch within next maintenance window; apply compensating WAF/firewall rule if delayed. | O5: ='Exec Summary'!$E$2-H5 -> 86 | P5: =IF(I5="","",I5-H5) | Q5: =VLOOKUP(G5,$AA$2:$AB$5,2,FALSE()) -> 30 | R5: =IF(OR(F5="Open",F5="Reopened"),1,0) -> 1 | S5: =IF(AND(H5>='Exec Summary'!$E$1,H5<='Exec Summary'!$E$2),1,0) -> 0 | T5: =IF(AND(F5="Closed",I5<>"",I5>='Exec Summary'!$E$1,I5<='Exec Summary'!$E$2),1,0) -> 0 | U5: =IF(F5="Reopened",1,0) -> 0 | V5: =IF(AND(R5=1,O5>Q5),1,0) -> 1 | W5: =IF(AND(T5=1,P5<>"",P5<=Q5),1,0) -> 0 | AA5: Low | AB5: 180
A6: APIGATEWAY-0105 | B6: Server | C6: RHEL 9 | D6: FortiOS SSL-VPN | E6: CVE-2023-27997 | F6: Closed | G6: Critical | H6: 46024 | I6: 46036 | J6: 9.8 | K6: API-Gateway | L6: High | M6: VULN-1654924 | N6: Apply vendor patch immediately; isolate host from network if patch unavailable within 24h. | O6: ='Exec Summary'!$E$2-H6 -> 210 | P6: =IF(I6="","",I6-H6) -> 12 | Q6: =VLOOKUP(G6,$AA$2:$AB$5,2,FALSE()) -> 15 | R6: =IF(OR(F6="Open",F6="Reopened"),1,0) -> 0 | S6: =IF(AND(H6>='Exec Summary'!$E$1,H6<='Exec Summary'!$E$2),1,0) -> 0 | T6: =IF(AND(F6="Closed",I6<>"",I6>='Exec Summary'!$E$1,I6<='Exec Summary'!$E$2),1,0) -> 0 | U6: =IF(F6="Reopened",1,0) -> 0 | V6: =IF(AND(R6=1,O6>Q6),1,0) -> 0 | W6: =IF(AND(T6=1,P6<>"",P6<=Q6),1,0) -> 0
A7: APIGATEWAY-0105 | B7: Server | C7: RHEL 9 | D7: JetBrains TeamCity | E7: CVE-2024-27198 | F7: Closed | G7: Critical | H7: 46206 | I7: 46222 | J7: 9.8 | K7: API-Gateway | L7: High | M7: VULN-1020136 | N7: Apply vendor patch immediately; isolate host from network if patch unavailable within 24h. | O7: ='Exec Summary'!$E$2-H7 -> 28 | P7: =IF(I7="","",I7-H7) -> 16 | Q7: =VLOOKUP(G7,$AA$2:$AB$5,2,FALSE()) -> 15 | R7: =IF(OR(F7="Open",F7="Reopened"),1,0) -> 0 | S7: =IF(AND(H7>='Exec Summary'!$E$1,H7<='Exec Summary'!$E$2),1,0) -> 1 | T7: =IF(AND(F7="Closed",I7<>"",I7>='Exec Summary'!$E$1,I7<='Exec Summary'!$E$2),1,0) -> 1 | U7: =IF(F7="Reopened",1,0) -> 0 | V7: =IF(AND(R7=1,O7>Q7),1,0) -> 0 | W7: =IF(AND(T7=1,P7<>"",P7<=Q7),1,0) -> 0
A8: APIGATEWAY-0105 | B8: Server | C8: RHEL 9 | D8: MOVEit Transfer | E8: CVE-2023-34362 | F8: Closed | G8: Critical | H8: 46154 | I8: 46170 | J8: 9.8 | K8: API-Gateway | L8: High | M8: VULN-1728773 | N8: Apply vendor patch immediately; isolate host from network if patch unavailable within 24h. | O8: ='Exec Summary'!$E$2-H8 -> 80 | P8: =IF(I8="","",I8-H8) -> 16 | Q8: =VLOOKUP(G8,$AA$2:$AB$5,2,FALSE()) -> 15 | R8: =IF(OR(F8="Open",F8="Reopened"),1,0) -> 0 | S8: =IF(AND(H8>='Exec Summary'!$E$1,H8<='Exec Summary'!$E$2),1,0) -> 0 | T8: =IF(AND(F8="Closed",I8<>"",I8>='Exec Summary'!$E$1,I8<='Exec Summary'!$E$2),1,0) -> 0 | U8: =IF(F8="Reopened",1,0) -> 0 | V8: =IF(AND(R8=1,O8>Q8),1,0) -> 0 | W8: =IF(AND(T8=1,P8<>"",P8<=Q8),1,0) -> 0
A9: APIGATEWAY-0105 | B9: Server | C9: RHEL 9 | D9: Microsoft Exchange Server | E9: CVE-2024-49040 | F9: Closed | G9: Medium | H9: 46205 | I9: 46234 | J9: 6.5 | K9: API-Gateway | L9: High | M9: VULN-6880713 | N9: Include in next scheduled patch cycle. | O9: ='Exec Summary'!$E$2-H9 -> 29 | P9: =IF(I9="","",I9-H9) -> 29 | Q9: =VLOOKUP(G9,$AA$2:$AB$5,2,FALSE()) -> 90 | R9: =IF(OR(F9="Open",F9="Reopened"),1,0) -> 0 | S9: =IF(AND(H9>='Exec Summary'!$E$1,H9<='Exec Summary'!$E$2),1,0) -> 1 | T9: =IF(AND(F9="Closed",I9<>"",I9>='Exec Summary'!$E$1,I9<='Exec Summary'!$E$2),1,0) -> 1 | U9: =IF(F9="Reopened",1,0) -> 0 | V9: =IF(AND(R9=1,O9>Q9),1,0) -> 0 | W9: =IF(AND(T9=1,P9<>"",P9<=Q9),1,0) -> 1
A10: APIGATEWAY-0106 | B10: Server | C10: Windows Server 2022 | D10: Jenkins | E10: CVE-2024-23897 | F10: Closed | G10: Critical | H10: 45994 | I10: 46002 | J10: 9.8 | K10: API-Gateway | L10: Medium | M10: VULN-4446353 | N10: Apply vendor patch immediately; isolate host from network if patch unavailable within 24h. | O10: ='Exec Summary'!$E$2-H10 -> 240 | P10: =IF(I10="","",I10-H10) -> 8 | Q10: =VLOOKUP(G10,$AA$2:$AB$5,2,FALSE()) -> 15 | R10: =IF(OR(F10="Open",F10="Reopened"),1,0) -> 0 | S10: =IF(AND(H10>='Exec Summary'!$E$1,H10<='Exec Summary'!$E$2),1,0) -> 0 | T10: =IF(AND(F10="Closed",I10<>"",I10>='Exec Summary'!$E$1,I10<='Exec Summary'!$E$2),1,0) -> 0 | U10: =IF(F10="Reopened",1,0) -> 0 | V10: =IF(AND(R10=1,O10>Q10),1,0) -> 0 | W10: =IF(AND(T10=1,P10<>"",P10<=Q10),1,0) -> 0
A11: APIGATEWAY-0106 | B11: Server | C11: Windows Server 2022 | D11: Windows Common Log File System Driver | E11: CVE-2024-49138 | F11: Closed | G11: High | H11: 46095 | I11: 46128 | J11: 7.8 | K11: API-Gateway | L11: Medium | M11: VULN-5383935 | N11: Schedule patch within next maintenance window; apply compensating WAF/firewall rule if delayed. | O11: ='Exec Summary'!$E$2-H11 -> 139 | P11: =IF(I11="","",I11-H11) -> 33 | Q11: =VLOOKUP(G11,$AA$2:$AB$5,2,FALSE()) -> 30 | R11: =IF(OR(F11="Open",F11="Reopened"),1,0) -> 0 | S11: =IF(AND(H11>='Exec Summary'!$E$1,H11<='Exec Summary'!$E$2),1,0) -> 0 | T11: =IF(AND(F11="Closed",I11<>"",I11>='Exec Summary'!$E$1,I11<='Exec Summary'!$E$2),1,0) -> 0 | U11: =IF(F11="Reopened",1,0) -> 0 | V11: =IF(AND(R11=1,O11>Q11),1,0) -> 0 | W11: =IF(AND(T11=1,P11<>"",P11<=Q11),1,0) -> 0
A12: APIGATEWAY-0106 | B12: Server | C12: Windows Server 2022 | D12: nginx | E12: CVE-2023-44487 | F12: Closed | G12: High | H12: 46208 | I12: 46234 | J12: 7.5 | K12: API-Gateway | L12: Medium | M12: VULN-5623138 | N12: Schedule patch within next maintenance window; apply compensating WAF/firewall rule if delayed. | O12: ='Exec Summary'!$E$2-H12 -> 26 | P12: =IF(I12="","",I12-H12) -> 26 | Q12: =VLOOKUP(G12,$AA$2:$AB$5,2,FALSE()) -> 30 | R12: =IF(OR(F12="Open",F12="Reopened"),1,0) -> 0 | S12: =IF(AND(H12>='Exec Summary'!$E$1,H12<='Exec Summary'!$E$2),1,0) -> 1 | T12: =IF(AND(F12="Closed",I12<>"",I12>='Exec Summary'!$E$1,I12<='Exec Summary'!$E$2),1,0) -> 1 | U12: =IF(F12="Reopened",1,0) -> 0 | V12: =IF(AND(R12=1,O12>Q12),1,0) -> 0 | W12: =IF(AND(T12=1,P12<>"",P12<=Q12),1,0) -> 1
A13: APIGATEWAY-0106 | B13: Server | C13: Windows Server 2022 | D13: PAN-OS | E13: CVE-2024-3400 | F13: Open | G13: Critical | H13: 46137 | J13: 10 | K13: API-Gateway | L13: Medium | M13: VULN-7932818 | N13: Apply vendor patch immediately; isolate host from network if patch unavailable within 24h. | O13: ='Exec Summary'!$E$2-H13 -> 97 | P13: =IF(I13="","",I13-H13) | Q13: =VLOOKUP(G13,$AA$2:$AB$5,2,FALSE()) -> 15 | R13: =IF(OR(F13="Open",F13="Reopened"),1,0) -> 1 | S13: =IF(AND(H13>='Exec Summary'!$E$1,H13<='Exec Summary'!$E$2),1,0) -> 0 | T13: =IF(AND(F13="Closed",I13<>"",I13>='Exec Summary'!$E$1,I13<='Exec Summary'!$E$2),1,0) -> 0 | U13: =IF(F13="Reopened",1,0) -> 0 | V13: =IF(AND(R13=1,O13>Q13),1,0) -> 1 | W13: =IF(AND(T13=1,P13<>"",P13<=Q13),1,0) -> 0
A14: APIGATEWAY-0106 | B14: Server | C14: Windows Server 2022 | D14: FortiOS SSL-VPN | E14: CVE-2023-27997 | F14: Open | G14: Critical | H14: 46216 | J14: 9.8 | K14: API-Gateway | L14: Medium | M14: VULN-9094465 | N14: Apply vendor patch immediately; isolate host from network if patch unavailable within 24h. | O14: ='Exec Summary'!$E$2-H14 -> 18 | P14: =IF(I14="","",I14-H14) | Q14: =VLOOKUP(G14,$AA$2:$AB$5,2,FALSE()) -> 15 | R14: =IF(OR(F14="Open",F14="Reopened"),1,0) -> 1 | S14: =IF(AND(H14>='Exec Summary'!$E$1,H14<='Exec Summary'!$E$2),1,0) -> 1 | T14: =IF(AND(F14="Closed",I14<>"",I14>='Exec Summary'!$E$1,I14<='Exec Summary'!$E$2),1,0) -> 0 | U14: =IF(F14="Reopened",1,0) -> 0 | V14: =IF(AND(R14=1,O14>Q14),1,0) -> 1 | W14: =IF(AND(T14=1,P14<>"",P14<=Q14),1,0) -> 0
A15: APIGATEWAY-0106 | B15: Server | C15: Windows Server 2022 | D15: MySQL | E15: CVE-2024-6670 | F15: Closed | G15: High | H15: 46025 | I15: 46037 | J15: 8.1 | K15: API-Gateway | L15: Medium | M15: VULN-6777340 | N15: Schedule patch within next maintenance window; apply compensating WAF/firewall rule if delayed. | O15: ='Exec Summary'!$E$2-H15 -> 209 | P15: =IF(I15="","",I15-H15) -> 12 | Q15: =VLOOKUP(G15,$AA$2:$AB$5,2,FALSE()) -> 30 | R15: =IF(OR(F15="Open",F15="Reopened"),1,0) -> 0 | S15: =IF(AND(H15>='Exec Summary'!$E$1,H15<='Exec Summary'!$E$2),1,0) -> 0 | T15: =IF(AND(F15="Closed",I15<>"",I15>='Exec Summary'!$E$1,I15<='Exec Summary'!$E$2),1,0) -> 0 | U15: =IF(F15="Reopened",1,0) -> 0 | V15: =IF(AND(R15=1,O15>Q15),1,0) -> 0 | W15: =IF(AND(T15=1,P15<>"",P15<=Q15),1,0) -> 0
A16: APIGATEWAY-0106 | B16: Server | C16: Windows Server 2022 | D16: Veeam Backup | E16: CVE-2024-29849 | F16: Open | G16: High | H16: 46137 | J16: 8.1 | K16: API-Gateway | L16: Medium | M16: VULN-2997927 | N16: Schedule patch within next maintenance window; apply compensating WAF/firewall rule if delayed. | O16: ='Exec Summary'!$E$2-H16 -> 97 | P16: =IF(I16="","",I16-H16) | Q16: =VLOOKUP(G16,$AA$2:$AB$5,2,FALSE()) -> 30 | R16: =IF(OR(F16="Open",F16="Reopened"),1,0) -> 1 | S16: =IF(AND(H16>='Exec Summary'!$E$1,H16<='Exec Summary'!$E$2),1,0) -> 0 | T16: =IF(AND(F16="Closed",I16<>"",I16>='Exec Summary'!$E$1,I16<='Exec Summary'!$E$2),1,0) -> 0 | U16: =IF(F16="Reopened",1,0) -> 0 | V16: =IF(AND(R16=1,O16>Q16),1,0) -> 1 | W16: =IF(AND(T16=1,P16<>"",P16<=Q16),1,0) -> 0
A17: APIGATEWAY-0106 | B17: Server | C17: Windows Server 2022 | D17: libwebp | E17: CVE-2023-4863 | F17: Closed | G17: High | H17: 46051 | I17: 46070 | J17: 8.8 | K17: API-Gateway | L17: Medium | M17: VULN-3714471 | N17: Schedule patch within next maintenance window; apply compensating WAF/firewall rule if delayed. | O17: ='Exec Summary'!$E$2-H17 -> 183 | P17: =IF(I17="","",I17-H17) -> 19 | Q17: =VLOOKUP(G17,$AA$2:$AB$5,2,FALSE()) -> 30 | R17: =IF(OR(F17="Open",F17="Reopened"),1,0) -> 0 | S17: =IF(AND(H17>='Exec Summary'!$E$1,H17<='Exec Summary'!$E$2),1,0) -> 0 | T17: =IF(AND(F17="Closed",I17<>"",I17>='Exec Summary'!$E$1,I17<='Exec Summary'!$E$2),1,0) -> 0 | U17: =IF(F17="Reopened",1,0) -> 0 | V17: =IF(AND(R17=1,O17>Q17),1,0) -> 0 | W17: =IF(AND(T17=1,P17<>"",P17<=Q17),1,0) -> 0
A18: APIGATEWAY-0106 | B18: Server | C18: Windows Server 2022 | D18: ConnectWise ScreenConnect | E18: CVE-2024-1709 | F18: Closed | G18: Critical | H18: 45985 | I18: 45991 | J18: 10 | K18: API-Gateway | L18: Medium | M18: VULN-1873301 | N18: Apply vendor patch immediately; isolate host from network if patch unavailable within 24h. | O18: ='Exec Summary'!$E$2-H18 -> 249 | P18: =IF(I18="","",I18-H18) -> 6 | Q18: =VLOOKUP(G18,$AA$2:$AB$5,2,FALSE()) -> 15 | R18: =IF(OR(F18="Open",F18="Reopened"),1,0) -> 0 | S18: =IF(AND(H18>='Exec Summary'!$E$1,H18<='Exec Summary'!$E$2),1,0) -> 0 | T18: =IF(AND(F18="Closed",I18<>"",I18>='Exec Summary'!$E$1,I18<='Exec Summary'!$E$2),1,0) -> 0 | U18: =IF(F18="Reopened",1,0) -> 0 | V18: =IF(AND(R18=1,O18>Q18),1,0) -> 0 | W18: =IF(AND(T18=1,P18<>"",P18<=Q18),1,0) -> 0
A19: APIGATEWAY-0106 | B19: Server | C19: Windows Server 2022 | D19: xz-utils | E19: CVE-2024-3094 | F19: Closed | G19: Critical | H19: 46016 | I19: 46030 | J19: 10 | K19: API-Gateway | L19: Medium | M19: VULN-2528212 | N19: Apply vendor patch immediately; isolate host from network if patch unavailable within 24h. | O19: ='Exec Summary'!$E$2-H19 -> 218 | P19: =IF(I19="","",I19-H19) -> 14 | Q19: =VLOOKUP(G19,$AA$2:$AB$5,2,FALSE()) -> 15 | R19: =IF(OR(F19="Open",F19="Reopened"),1,0) -> 0 | S19: =IF(AND(H19>='Exec Summary'!$E$1,H19<='Exec Summary'!$E$2),1,0) -> 0 | T19: =IF(AND(F19="Closed",I19<>"",I19>='Exec Summary'!$E$1,I19<='Exec Summary'!$E$2),1,0) -> 0 | U19: =IF(F19="Reopened",1,0) -> 0 | V19: =IF(AND(R19=1,O19>Q19),1,0) -> 0 | W19: =IF(AND(T19=1,P19<>"",P19<=Q19),1,0) -> 0
A20: APIGATEWAY-0106 | B20: Server | C20: Windows Server 2022 | D20: Spring Framework | E20: CVE-2022-22965 | F20: Closed | G20: Critical | H20: 46008 | I20: 46016 | J20: 9.8 | K20: API-Gateway | L20: Medium | M20: VULN-7221581 | N20: Apply vendor patch immediately; isolate host from network if patch unavailable within 24h. | O20: ='Exec Summary'!$E$2-H20 -> 226 | P20: =IF(I20="","",I20-H20) -> 8 | Q20: =VLOOKUP(G20,$AA$2:$AB$5,2,FALSE()) -> 15 | R20: =IF(OR(F20="Open",F20="Reopened"),1,0) -> 0 | S20: =IF(AND(H20>='Exec Summary'!$E$1,H20<='Exec Summary'!$E$2),1,0) -> 0 | T20: =IF(AND(F20="Closed",I20<>"",I20>='Exec Summary'!$E$1,I20<='Exec Summary'!$E$2),1,0) -> 0 | U20: =IF(F20="Reopened",1,0) -> 0 | V20: =IF(AND(R20=1,O20>Q20),1,0) -> 0 | W20: =IF(AND(T20=1,P20<>"",P20<=Q20),1,0) -> 0
A21: APIGATEWAY-0106 | B21: Server | C21: Windows Server 2022 | D21: MOVEit Transfer | E21: CVE-2023-34362 | F21: Open | G21: Critical | H21: 45974 | J21: 9.8 | K21: API-Gateway | L21: Medium | M21: VULN-7447920 | N21: Apply vendor patch immediately; isolate host from network if patch unavailable within 24h. | O21: ='Exec Summary'!$E$2-H21 -> 260 | P21: =IF(I21="","",I21-H21) | Q21: =VLOOKUP(G21,$AA$2:$AB$5,2,FALSE()) -> 15 | R21: =IF(OR(F21="Open",F21="Reopened"),1,0) -> 1 | S21: =IF(AND(H21>='Exec Summary'!$E$1,H21<='Exec Summary'!$E$2),1,0) -> 0 | T21: =IF(AND(F21="Closed",I21<>"",I21>='Exec Summary'!$E$1,I21<='Exec Summary'!$E$2),1,0) -> 0 | U21: =IF(F21="Reopened",1,0) -> 0 | V21: =IF(AND(R21=1,O21>Q21),1,0) -> 1 | W21: =IF(AND(T21=1,P21<>"",P21<=Q21),1,0) -> 0
A22: APIGATEWAY-0106 | B22: Server | C22: Windows Server 2022 | D22: VMware Aria Operations | E22: CVE-2023-20887 | F22: Open | G22: High | H22: 46139 | J22: 8.6 | K22: API-Gateway | L22: Medium | M22: VULN-9741022 | N22: Schedule patch within next maintenance window; apply compensating WAF/firewall rule if delayed. | O22: ='Exec Summary'!$E$2-H22 -> 95 | P22: =IF(I22="","",I22-H22) | Q22: =VLOOKUP(G22,$AA$2:$AB$5,2,FALSE()) -> 30 | R22: =IF(OR(F22="Open",F22="Reopened"),1,0) -> 1 | S22: =IF(AND(H22>='Exec Summary'!$E$1,H22<='Exec Summary'!$E$2),1,0) -> 0 | T22: =IF(AND(F22="Closed",I22<>"",I22>='Exec Summary'!$E$1,I22<='Exec Summary'!$E$2),1,0) -> 0 | U22: =IF(F22="Reopened",1,0) -> 0 | V22: =IF(AND(R22=1,O22>Q22),1,0) -> 1 | W22: =IF(AND(T22=1,P22<>"",P22<=Q22),1,0) -> 0
A23: APIGATEWAY-0107 | B23: Server | C23: Windows Server 2022 | D23: Microsoft Office | E23: CVE-2023-36884 | F23: Open | G23: High | H23: 45951 | J23: 7.8 | K23: API-Gateway | L23: Medium | M23: VULN-9565571 | N23: Schedule patch within next maintenance window; apply compensating WAF/firewall rule if delayed. | O23: ='Exec Summary'!$E$2-H23 -> 283 | P23: =IF(I23="","",I23-H23) | Q23: =VLOOKUP(G23,$AA$2:$AB$5,2,FALSE()) -> 30 | R23: =IF(OR(F23="Open",F23="Reopened"),1,0) -> 1 | S23: =IF(AND(H23>='Exec Summary'!$E$1,H23<='Exec Summary'!$E$2),1,0) -> 0 | T23: =IF(AND(F23="Closed",I23<>"",I23>='Exec Summary'!$E$1,I23<='Exec Summary'!$E$2),1,0) -> 0 | U23: =IF(F23="Reopened",1,0) -> 0 | V23: =IF(AND(R23=1,O23>Q23),1,0) -> 1 | W23: =IF(AND(T23=1,P23<>"",P23<=Q23),1,0) -> 0
A24: APIGATEWAY-0107 | B24: Server | C24: Windows Server 2022 | D24: xz-utils | E24: CVE-2024-3094 | F24: Open | G24: Critical | H24: 46198 | J24: 10 | K24: API-Gateway | L24: Medium | M24: VULN-3843451 | N24: Apply vendor patch immediately; isolate host from network if patch unavailable within 24h. | O24: ='Exec Summary'!$E$2-H24 -> 36 | P24: =IF(I24="","",I24-H24) | Q24: =VLOOKUP(G24,$AA$2:$AB$5,2,FALSE()) -> 15 | R24: =IF(OR(F24="Open",F24="Reopened"),1,0) -> 1 | S24: =IF(AND(H24>='Exec Summary'!$E$1,H24<='Exec Summary'!$E$2),1,0) -> 0 | T24: =IF(AND(F24="Closed",I24<>"",I24>='Exec Summary'!$E$1,I24<='Exec Summary'!$E$2),1,0) -> 0 | U24: =IF(F24="Reopened",1,0) -> 0 | V24: =IF(AND(R24=1,O24>Q24),1,0) -> 1 | W24: =IF(AND(T24=1,P24<>"",P24<=Q24),1,0) -> 0
A25: APIGATEWAY-0107 | B25: Server | C25: Windows Server 2022 | D25: ConnectWise ScreenConnect | E25: CVE-2024-1709 | F25: Closed | G25: Critical | H25: 45952 | I25: 45961 | J25: 10 | K25: API-Gateway | L25: Medium | M25: VULN-3641484 | N25: Apply vendor patch immediately; isolate host from network if patch unavailable within 24h. | O25: ='Exec Summary'!$E$2-H25 -> 282 | P25: =IF(I25="","",I25-H25) -> 9 | Q25: =VLOOKUP(G25,$AA$2:$AB$5,2,FALSE()) -> 15 | R25: =IF(OR(F25="Open",F25="Reopened"),1,0) -> 0 | S25: =IF(AND(H25>='Exec Summary'!$E$1,H25<='Exec Summary'!$E$2),1,0) -> 0 | T25: =IF(AND(F25="Closed",I25<>"",I25>='Exec Summary'!$E$1,I25<='Exec Summary'!$E$2),1,0) -> 0 | U25: =IF(F25="Reopened",1,0) -> 0 | V25: =IF(AND(R25=1,O25>Q25),1,0) -> 0 | W25: =IF(AND(T25=1,P25<>"",P25<=Q25),1,0) -> 0
A26: APIGATEWAY-0107 | B26: Server | C26: Windows Server 2022 | D26: Apache Log4j | E26: CVE-2021-44228 | F26: Open | G26: Critical | H26: 45978 | J26: 10 | K26: API-Gateway | L26: Medium | M26: VULN-7701385 | N26: Apply vendor patch immediately; isolate host from network if patch unavailable within 24h. | O26: ='Exec Summary'!$E$2-H26 -> 256 | P26: =IF(I26="","",I26-H26) | Q26: =VLOOKUP(G26,$AA$2:$AB$5,2,FALSE()) -> 15 | R26: =IF(OR(F26="Open",F26="Reopened"),1,0) -> 1 | S26: =IF(AND(H26>='Exec Summary'!$E$1,H26<='Exec Summary'!$E$2),1,0) -> 0 | T26: =IF(AND(F26="Closed",I26<>"",I26>='Exec Summary'!$E$1,I26<='Exec Summary'!$E$2),1,0) -> 0 | U26: =IF(F26="Reopened",1,0) -> 0 | V26: =IF(AND(R26=1,O26>Q26),1,0) -> 1 | W26: =IF(AND(T26=1,P26<>"",P26<=Q26),1,0) -> 0
A27: APIGATEWAY-0107 | B27: Server | C27: Windows Server 2022 | D27: Windows Wi-Fi Driver | E27: CVE-2024-30078 | F27: Open | G27: Critical | H27: 46114 | J27: 8.8 | K27: API-Gateway | L27: Medium | M27: VULN-7802338 | N27: Apply vendor patch immediately; isolate host from network if patch unavailable within 24h. | O27: ='Exec Summary'!$E$2-H27 -> 120 | P27: =IF(I27="","",I27-H27) | Q27: =VLOOKUP(G27,$AA$2:$AB$5,2,FALSE()) -> 15 | R27: =IF(OR(F27="Open",F27="Reopened"),1,0) -> 1 | S27: =IF(AND(H27>='Exec Summary'!$E$1,H27<='Exec Summary'!$E$2),1,0) -> 0 | T27: =IF(AND(F27="Closed",I27<>"",I27>='Exec Summary'!$E$1,I27<='Exec Summary'!$E$2),1,0) -> 0 | U27: =IF(F27="Reopened",1,0) -> 0 | V27: =IF(AND(R27=1,O27>Q27),1,0) -> 1 | W27: =IF(AND(T27=1,P27<>"",P27<=Q27),1,0) -> 0
A28: APIGATEWAY-0107 | B28: Server | C28: Windows Server 2022 | D28: VMware Aria Operations | E28: CVE-2023-20887 | F28: Reopened | G28: High | H28: 46036 | I28: 46058 | J28: 8.6 | K28: API-Gateway | L28: Medium | M28: VULN-5773013 | N28: Schedule patch within next maintenance window; apply compensating WAF/firewall rule if delayed. | O28: ='Exec Summary'!$E$2-H28 -> 198 | P28: =IF(I28="","",I28-H28) -> 22 | Q28: =VLOOKUP(G28,$AA$2:$AB$5,2,FALSE()) -> 30 | R28: =IF(OR(F28="Open",F28="Reopened"),1,0) -> 1 | S28: =IF(AND(H28>='Exec Summary'!$E$1,H28<='Exec Summary'!$E$2),1,0) -> 0 | T28: =IF(AND(F28="Closed",I28<>"",I28>='Exec Summary'!$E$1,I28<='Exec Summary'!$E$2),1,0) -> 0 | U28: =IF(F28="Reopened",1,0) -> 1 | V28: =IF(AND(R28=1,O28>Q28),1,0) -> 1 | W28: =IF(AND(T28=1,P28<>"",P28<=Q28),1,0) -> 0
A29: APIGATEWAY-0107 | B29: Server | C29: Windows Server 2022 | D29: PAN-OS | E29: CVE-2024-3400 | F29: Open | G29: Critical | H29: 46220 | J29: 10 | K29: API-Gateway | L29: Medium | M29: VULN-6840069 | N29: Apply vendor patch immediately; isolate host from network if patch unavailable within 24h. | O29: ='Exec Summary'!$E$2-H29 -> 14 | P29: =IF(I29="","",I29-H29) | Q29: =VLOOKUP(G29,$AA$2:$AB$5,2,FALSE()) -> 15 | R29: =IF(OR(F29="Open",F29="Reopened"),1,0) -> 1 | S29: =IF(AND(H29>='Exec Summary'!$E$1,H29<='Exec Summary'!$E$2),1,0) -> 1 | T29: =IF(AND(F29="Closed",I29<>"",I29>='Exec Summary'!$E$1,I29<='Exec Summary'!$E$2),1,0) -> 0 | U29: =IF(F29="Reopened",1,0) -> 0 | V29: =IF(AND(R29=1,O29>Q29),1,0) -> 0 | W29: =IF(AND(T29=1,P29<>"",P29<=Q29),1,0) -> 0
A30: APIGATEWAY-0107 | B30: Server | C30: Windows Server 2022 | D30: Windows Common Log File System Driver | E30: CVE-2024-49138 | F30: Open | G30: High | H30: 46111 | J30: 7.8 | K30: API-Gateway | L30: Medium | M30: VULN-5639031 | N30: Schedule patch within next maintenance window; apply compensating WAF/firewall rule if delayed. | O30: ='Exec Summary'!$E$2-H30 -> 123 | P30: =IF(I30="","",I30-H30) | Q30: =VLOOKUP(G30,$AA$2:$AB$5,2,FALSE()) -> 30 | R30: =IF(OR(F30="Open",F30="Reopened"),1,0) -> 1 | S30: =IF(AND(H30>='Exec Summary'!$E$1,H30<='Exec Summary'!$E$2),1,0) -> 0 | T30: =IF(AND(F30="Closed",I30<>"",I30>='Exec Summary'!$E$1,I30<='Exec Summary'!$E$2),1,0) -> 0 | U30: =IF(F30="Reopened",1,0) -> 0 | V30: =IF(AND(R30=1,O30>Q30),1,0) -> 1 | W30: =IF(AND(T30=1,P30<>"",P30<=Q30),1,0) -> 0
A31: APIGATEWAY-0108 | B31: Server | C31: RHEL 8 | D31: Veeam Backup | E31: CVE-2024-29849 | F31: Closed | G31: High | H31: 46220 | I31: 46234 | J31: 8.1 | K31: API-Gateway | L31: Medium | M31: VULN-2963085 | N31: Schedule patch within next maintenance window; apply compensating WAF/firewall rule if delayed. | O31: ='Exec Summary'!$E$2-H31 -> 14 | P31: =IF(I31="","",I31-H31) -> 14 | Q31: =VLOOKUP(G31,$AA$2:$AB$5,2,FALSE()) -> 30 | R31: =IF(OR(F31="Open",F31="Reopened"),1,0) -> 0 | S31: =IF(AND(H31>='Exec Summary'!$E$1,H31<='Exec Summary'!$E$2),1,0) -> 1 | T31: =IF(AND(F31="Closed",I31<>"",I31>='Exec Summary'!$E$1,I31<='Exec Summary'!$E$2),1,0) -> 1 | U31: =IF(F31="Reopened",1,0) -> 0 | V31: =IF(AND(R31=1,O31>Q31),1,0) -> 0 | W31: =IF(AND(T31=1,P31<>"",P31<=Q31),1,0) -> 1
A32: APIGATEWAY-0108 | B32: Server | C32: RHEL 8 | D32: VMware Aria Operations | E32: CVE-2023-20887 | F32: Open | G32: High | H32: 46196 | J32: 8.6 | K32: API-Gateway | L32: Medium | M32: VULN-5196677 | N32: Schedule patch within next maintenance window; apply compensating WAF/firewall rule if delayed. | O32: ='Exec Summary'!$E$2-H32 -> 38 | P32: =IF(I32="","",I32-H32) | Q32: =VLOOKUP(G32,$AA$2:$AB$5,2,FALSE()) -> 30 | R32: =IF(OR(F32="Open",F32="Reopened"),1,0) -> 1 | S32: =IF(AND(H32>='Exec Summary'!$E$1,H32<='Exec Summary'!$E$2),1,0) -> 0 | T32: =IF(AND(F32="Closed",I32<>"",I32>='Exec Summary'!$E$1,I32<='Exec Summary'!$E$2),1,0) -> 0 | U32: =IF(F32="Reopened",1,0) -> 0 | V32: =IF(AND(R32=1,O32>Q32),1,0) -> 1 | W32: =IF(AND(T32=1,P32<>"",P32<=Q32),1,0) -> 0
A33: APIGATEWAY-0108 | B33: Server | C33: RHEL 8 | D33: Microsoft Outlook | E33: CVE-2024-21413 | F33: Open | G33: Critical | H33: 46160 | J33: 9.8 | K33: API-Gateway | L33: Medium | M33: VULN-9113963 | N33: Apply vendor patch immediately; isolate host from network if patch unavailable within 24h. | O33: ='Exec Summary'!$E$2-H33 -> 74 | P33: =IF(I33="","",I33-H33) | Q33: =VLOOKUP(G33,$AA$2:$AB$5,2,FALSE()) -> 15 | R33: =IF(OR(F33="Open",F33="Reopened"),1,0) -> 1 | S33: =IF(AND(H33>='Exec Summary'!$E$1,H33<='Exec Summary'!$E$2),1,0) -> 0 | T33: =IF(AND(F33="Closed",I33<>"",I33>='Exec Summary'!$E$1,I33<='Exec Summary'!$E$2),1,0) -> 0 | U33: =IF(F33="Reopened",1,0) -> 0 | V33: =IF(AND(R33=1,O33>Q33),1,0) -> 1 | W33: =IF(AND(T33=1,P33<>"",P33<=Q33),1,0) -> 0
A34: APIGATEWAY-0109 | B34: Workstation | C34: Windows 11 | D34: Windows Common Log File System Driver | E34: CVE-2024-49138 | F34: Closed | G34: High | H34: 46095 | I34: 46107 | J34: 7.8 | K34: API-Gateway | L34: Low | M34: VULN-5418274 | N34: Schedule patch within next maintenance window; apply compensating WAF/firewall rule if delayed. | O34: ='Exec Summary'!$E$2-H34 -> 139 | P34: =IF(I34="","",I34-H34) -> 12 | Q34: =VLOOKUP(G34,$AA$2:$AB$5,2,FALSE()) -> 30 | R34: =IF(OR(F34="Open",F34="Reopened"),1,0) -> 0 | S34: =IF(AND(H34>='Exec Summary'!$E$1,H34<='Exec Summary'!$E$2),1,0) -> 0 | T34: =IF(AND(F34="Closed",I34<>"",I34>='Exec Summary'!$E$1,I34<='Exec Summary'!$E$2),1,0) -> 0 | U34: =IF(F34="Reopened",1,0) -> 0 | V34: =IF(AND(R34=1,O34>Q34),1,0) -> 0 | W34: =IF(AND(T34=1,P34<>"",P34<=Q34),1,0) -> 0
A35: APIGATEWAY-0109 | B35: Workstation | C35: Windows 11 | D35: xz-utils | E35: CVE-2024-3094 | F35: Closed | G35: Critical | H35: 46061 | I35: 46078 | J35: 10 | K35: API-Gateway | L35: Low | M35: VULN-6737688 | N35: Apply vendor patch immediately; isolate host from network if patch unavailable within 24h. | O35: ='Exec Summary'!$E$2-H35 -> 173 | P35: =IF(I35="","",I35-H35) -> 17 | Q35: =VLOOKUP(G35,$AA$2:$AB$5,2,FALSE()) -> 15 | R35: =IF(OR(F35="Open",F35="Reopened"),1,0) -> 0 | S35: =IF(AND(H35>='Exec Summary'!$E$1,H35<='Exec Summary'!$E$2),1,0) -> 0 | T35: =IF(AND(F35="Closed",I35<>"",I35>='Exec Summary'!$E$1,I35<='Exec Summary'!$E$2),1,0) -> 0 | U35: =IF(F35="Reopened",1,0) -> 0 | V35: =IF(AND(R35=1,O35>Q35),1,0) -> 0 | W35: =IF(AND(T35=1,P35<>"",P35<=Q35),1,0) -> 0
A36: APIGATEWAY-0109 | B36: Workstation | C36: Windows 11 | D36: PHP | E36: CVE-2024-4577 | F36: Closed | G36: Critical | H36: 45972 | I36: 45985 | J36: 9.8 | K36: API-Gateway | L36: Low | M36: VULN-5514342 | N36: Apply vendor patch immediately; isolate host from network if patch unavailable within 24h. | O36: ='Exec Summary'!$E$2-H36 -> 262 | P36: =IF(I36="","",I36-H36) -> 13 | Q36: =VLOOKUP(G36,$AA$2:$AB$5,2,FALSE()) -> 15 | R36: =IF(OR(F36="Open",F36="Reopened"),1,0) -> 0 | S36: =IF(AND(H36>='Exec Summary'!$E$1,H36<='Exec Summary'!$E$2),1,0) -> 0 | T36: =IF(AND(F36="Closed",I36<>"",I36>='Exec Summary'!$E$1,I36<='Exec Summary'!$E$2),1,0) -> 0 | U36: =IF(F36="Reopened",1,0) -> 0 | V36: =IF(AND(R36=1,O36>Q36),1,0) -> 0 | W36: =IF(AND(T36=1,P36<>"",P36<=Q36),1,0) -> 0
A37: APIGATEWAY-0109 | B37: Workstation | C37: Windows 11 | D37: Microsoft Outlook | E37: CVE-2024-21413 | F37: Open | G37: Critical | H37: 46027 | J37: 9.8 | K37: API-Gateway | L37: Low | M37: VULN-4190481 | N37: Apply vendor patch immediately; isolate host from network if patch unavailable within 24h. | O37: ='Exec Summary'!$E$2-H37 -> 207 | P37: =IF(I37="","",I37-H37) | Q37: =VLOOKUP(G37,$AA$2:$AB$5,2,FALSE()) -> 15 | R37: =IF(OR(F37="Open",F37="Reopened"),1,0) -> 1 | S37: =IF(AND(H37>='Exec Summary'!$E$1,H37<='Exec Summary'!$E$2),1,0) -> 0 | T37: =IF(AND(F37="Closed",I37<>"",I37>='Exec Summary'!$E$1,I37<='Exec Summary'!$E$2),1,0) -> 0 | U37: =IF(F37="Reopened",1,0) -> 0 | V37: =IF(AND(R37=1,O37>Q37),1,0) -> 1 | W37: =IF(AND(T37=1,P37<>"",P37<=Q37),1,0) -> 0
A38: APIGATEWAY-0109 | B38: Workstation | C38: Windows 11 | D38: libwebp | E38: CVE-2023-4863 | F38: Open | G38: High | H38: 46189 | J38: 8.8 | K38: API-Gateway | L38: Low | M38: VULN-4940319 | N38: Schedule patch within next maintenance window; apply compensating WAF/firewall rule if delayed. | O38: ='Exec Summary'!$E$2-H38 -> 45 | P38: =IF(I38="","",I38-H38) | Q38: =VLOOKUP(G38,$AA$2:$AB$5,2,FALSE()) -> 30 | R38: =IF(OR(F38="Open",F38="Reopened"),1,0) -> 1 | S38: =IF(AND(H38>='Exec Summary'!$E$1,H38<='Exec Summary'!$E$2),1,0) -> 0 | T38: =IF(AND(F38="Closed",I38<>"",I38>='Exec Summary'!$E$1,I38<='Exec Summary'!$E$2),1,0) -> 0 | U38: =IF(F38="Reopened",1,0) -> 0 | V38: =IF(AND(R38=1,O38>Q38),1,0) -> 1 | W38: =IF(AND(T38=1,P38<>"",P38<=Q38),1,0) -> 0
A39: APIGATEWAY-0109 | B39: Workstation | C39: Windows 11 | D39: nginx | E39: CVE-2023-44487 | F39: Open | G39: High | H39: 46057 | J39: 7.5 | K39: API-Gateway | L39: Low | M39: VULN-4469169 | N39: Schedule patch within next maintenance window; apply compensating WAF/firewall rule if delayed. | O39: ='Exec Summary'!$E$2-H39 -> 177 | P39: =IF(I39="","",I39-H39) | Q39: =VLOOKUP(G39,$AA$2:$AB$5,2,FALSE()) -> 30 | R39: =IF(OR(F39="Open",F39="Reopened"),1,0) -> 1 | S39: =IF(AND(H39>='Exec Summary'!$E$1,H39<='Exec Summary'!$E$2),1,0) -> 0 | T39: =IF(AND(F39="Closed",I39<>"",I39>='Exec Summary'!$E$1,I39<='Exec Summary'!$E$2),1,0) -> 0 | U39: =IF(F39="Reopened",1,0) -> 0 | V39: =IF(AND(R39=1,O39>Q39),1,0) -> 1 | W39: =IF(AND(T39=1,P39<>"",P39<=Q39),1,0) -> 0
A40: APIGATEWAY-0109 | B40: Workstation | C40: Windows 11 | D40: Apache ActiveMQ | E40: CVE-2023-46604 | F40: Closed | G40: Critical | H40: 46051 | I40: 46067 | J40: 9.8 | K40: API-Gateway | L40: Low | M40: VULN-6973148 | N40: Apply vendor patch immediately; isolate host from network if patch unavailable within 24h. | O40: ='Exec Summary'!$E$2-H40 -> 183 | P40: =IF(I40="","",I40-H40) -> 16 | Q40: =VLOOKUP(G40,$AA$2:$AB$5,2,FALSE()) -> 15 | R40: =IF(OR(F40="Open",F40="Reopened"),1,0) -> 0 | S40: =IF(AND(H40>='Exec Summary'!$E$1,H40<='Exec Summary'!$E$2),1,0) -> 0 | T40: =IF(AND(F40="Closed",I40<>"",I40>='Exec Summary'!$E$1,I40<='Exec Summary'!$E$2),1,0) -> 0 | U40: =IF(F40="Reopened",1,0) -> 0 | V40: =IF(AND(R40=1,O40>Q40),1,0) -> 0 | W40: =IF(AND(T40=1,P40<>"",P40<=Q40),1,0) -> 0
A41: APIGATEWAY-0109 | B41: Workstation | C41: Windows 11 | D41: Spring Framework | E41: CVE-2022-22965 | F41: Open | G41: Critical | H41: 46013 | J41: 9.8 | K41: API-Gateway | L41: Low | M41: VULN-3011227 | N41: Apply vendor patch immediately; isolate host from network if patch unavailable within 24h. | O41: ='Exec Summary'!$E$2-H41 -> 221 | P41: =IF(I41="","",I41-H41) | Q41: =VLOOKUP(G41,$AA$2:$AB$5,2,FALSE()) -> 15 | R41: =IF(OR(F41="Open",F41="Reopened"),1,0) -> 1 | S41: =IF(AND(H41>='Exec Summary'!$E$1,H41<='Exec Summary'!$E$2),1,0) -> 0 | T41: =IF(AND(F41="Closed",I41<>"",I41>='Exec Summary'!$E$1,I41<='Exec Summary'!$E$2),1,0) -> 0 | U41: =IF(F41="Reopened",1,0) -> 0 | V41: =IF(AND(R41=1,O41>Q41),1,0) -> 1 | W41: =IF(AND(T41=1,P41<>"",P41<=Q41),1,0) -> 0
A42: APIGATEWAY-0109 | B42: Workstation | C42: Windows 11 | D42: Jenkins | E42: CVE-2024-23897 | F42: Open | G42: Critical | H42: 45974 | J42: 9.8 | K42: API-Gateway | L42: Low | M42: VULN-9265544 | N42: Apply vendor patch immediately; isolate host from network if patch unavailable within 24h. | O42: ='Exec Summary'!$E$2-H42 -> 260 | P42: =IF(I42="","",I42-H42) | Q42: =VLOOKUP(G42,$AA$2:$AB$5,2,FALSE()) -> 15 | R42: =IF(OR(F42="Open",F42="Reopened"),1,0) -> 1 | S42: =IF(AND(H42>='Exec Summary'!$E$1,H42<='Exec Summary'!$E$2),1,0) -> 0 | T42: =IF(AND(F42="Closed",I42<>"",I42>='Exec Summary'!$E$1,I42<='Exec Summary'!$E$2),1,0) -> 0 | U42: =IF(F42="Reopened",1,0) -> 0 | V42: =IF(AND(R42=1,O42>Q42),1,0) -> 1 | W42: =IF(AND(T42=1,P42<>"",P42<=Q42),1,0) -> 0
A43: APIGATEWAY-0109 | B43: Workstation | C43: Windows 11 | D43: Apache Log4j | E43: CVE-2021-44228 | F43: Open | G43: Critical | H43: 45937 | J43: 10 | K43: API-Gateway | L43: Low | M43: VULN-1709057 | N43: Apply vendor patch immediately; isolate host from network if patch unavailable within 24h. | O43: ='Exec Summary'!$E$2-H43 -> 297 | P43: =IF(I43="","",I43-H43) | Q43: =VLOOKUP(G43,$AA$2:$AB$5,2,FALSE()) -> 15 | R43: =IF(OR(F43="Open",F43="Reopened"),1,0) -> 1 | S43: =IF(AND(H43>='Exec Summary'!$E$1,H43<='Exec Summary'!$E$2),1,0) -> 0 | T43: =IF(AND(F43="Closed",I43<>"",I43>='Exec Summary'!$E$1,I43<='Exec Summary'!$E$2),1,0) -> 0 | U43: =IF(F43="Reopened",1,0) -> 0 | V43: =IF(AND(R43=1,O43>Q43),1,0) -> 1 | W43: =IF(AND(T43=1,P43<>"",P43<=Q43),1,0) -> 0
A44: APIGATEWAY-0110 | B44: Workstation | C44: Windows 11 | D44: Microsoft Edge | E44: CVE-2024-38178 | F44: Closed | G44: High | H44: 46077 | I44: 46099 | J44: 7.5 | K44: API-Gateway | L44: Medium | M44: VULN-8099712 | N44: Schedule patch within next maintenance window; apply compensating WAF/firewall rule if delayed. | O44: ='Exec Summary'!$E$2-H44 -> 157 | P44: =IF(I44="","",I44-H44) -> 22 | Q44: =VLOOKUP(G44,$AA$2:$AB$5,2,FALSE()) -> 30 | R44: =IF(OR(F44="Open",F44="Reopened"),1,0) -> 0 | S44: =IF(AND(H44>='Exec Summary'!$E$1,H44<='Exec Summary'!$E$2),1,0) -> 0 | T44: =IF(AND(F44="Closed",I44<>"",I44>='Exec Summary'!$E$1,I44<='Exec Summary'!$E$2),1,0) -> 0 | U44: =IF(F44="Reopened",1,0) -> 0 | V44: =IF(AND(R44=1,O44>Q44),1,0) -> 0 | W44: =IF(AND(T44=1,P44<>"",P44<=Q44),1,0) -> 0
A45: APIGATEWAY-0110 | B45: Workstation | C45: Windows 11 | D45: Microsoft Exchange Server | E45: CVE-2024-49040 | F45: Open | G45: Medium | H45: 46178 | J45: 6.5 | K45: API-Gateway | L45: Medium | M45: VULN-1546310 | N45: Include in next scheduled patch cycle. | O45: ='Exec Summary'!$E$2-H45 -> 56 | P45: =IF(I45="","",I45-H45) | Q45: =VLOOKUP(G45,$AA$2:$AB$5,2,FALSE()) -> 90 | R45: =IF(OR(F45="Open",F45="Reopened"),1,0) -> 1 | S45: =IF(AND(H45>='Exec Summary'!$E$1,H45<='Exec Summary'!$E$2),1,0) -> 0 | T45: =IF(AND(F45="Closed",I45<>"",I45>='Exec Summary'!$E$1,I45<='Exec Summary'!$E$2),1,0) -> 0 | U45: =IF(F45="Reopened",1,0) -> 0 | V45: =IF(AND(R45=1,O45>Q45),1,0) -> 0 | W45: =IF(AND(T45=1,P45<>"",P45<=Q45),1,0) -> 0
A46: APIGATEWAY-0110 | B46: Workstation | C46: Windows 11 | D46: VMware Aria Operations | E46: CVE-2023-20887 | F46: Closed | G46: High | H46: 46191 | I46: 46206 | J46: 8.6 | K46: API-Gateway | L46: Medium | M46: VULN-3932663 | N46: Schedule patch within next maintenance window; apply compensating WAF/firewall rule if delayed. | O46: ='Exec Summary'!$E$2-H46 -> 43 | P46: =IF(I46="","",I46-H46) -> 15 | Q46: =VLOOKUP(G46,$AA$2:$AB$5,2,FALSE()) -> 30 | R46: =IF(OR(F46="Open",F46="Reopened"),1,0) -> 0 | S46: =IF(AND(H46>='Exec Summary'!$E$1,H46<='Exec Summary'!$E$2),1,0) -> 0 | T46: =IF(AND(F46="Closed",I46<>"",I46>='Exec Summary'!$E$1,I46<='Exec Summary'!$E$2),1,0) -> 1 | U46: =IF(F46="Reopened",1,0) -> 0 | V46: =IF(AND(R46=1,O46>Q46),1,0) -> 0 | W46: =IF(AND(T46=1,P46<>"",P46<=Q46),1,0) -> 1
A47: APIGATEWAY-0111 | B47: Server | C47: Ubuntu 22.04 | D47: ConnectWise ScreenConnect | E47: CVE-2024-1709 | F47: Closed | G47: Critical | H47: 46055 | I47: 46072 | J47: 10 | K47: API-Gateway | L47: Low | M47: VULN-8112581 | N47: Apply vendor patch immediately; isolate host from network if patch unavailable within 24h. | O47: ='Exec Summary'!$E$2-H47 -> 179 | P47: =IF(I47="","",I47-H47) -> 17 | Q47: =VLOOKUP(G47,$AA$2:$AB$5,2,FALSE()) -> 15 | R47: =IF(OR(F47="Open",F47="Reopened"),1,0) -> 0 | S47: =IF(AND(H47>='Exec Summary'!$E$1,H47<='Exec Summary'!$E$2),1,0) -> 0 | T47: =IF(AND(F47="Closed",I47<>"",I47>='Exec Summary'!$E$1,I47<='Exec Summary'!$E$2),1,0) -> 0 | U47: =IF(F47="Reopened",1,0) -> 0 | V47: =IF(AND(R47=1,O47>Q47),1,0) -> 0 | W47: =IF(AND(T47=1,P47<>"",P47<=Q47),1,0) -> 0
A48: APIGATEWAY-0111 | B48: Server | C48: Ubuntu 22.04 | D48: Apache ActiveMQ | E48: CVE-2023-46604 | F48: Closed | G48: Critical | H48: 46041 | I48: 46050 | J48: 9.8 | K48: API-Gateway | L48: Low | M48: VULN-7124992 | N48: Apply vendor patch immediately; isolate host from network if patch unavailable within 24h. | O48: ='Exec Summary'!$E$2-H48 -> 193 | P48: =IF(I48="","",I48-H48) -> 9 | Q48: =VLOOKUP(G48,$AA$2:$AB$5,2,FALSE()) -> 15 | R48: =IF(OR(F48="Open",F48="Reopened"),1,0) -> 0 | S48: =IF(AND(H48>='Exec Summary'!$E$1,H48<='Exec Summary'!$E$2),1,0) -> 0 | T48: =IF(AND(F48="Closed",I48<>"",I48>='Exec Summary'!$E$1,I48<='Exec Summary'!$E$2),1,0) -> 0 | U48: =IF(F48="Reopened",1,0) -> 0 | V48: =IF(AND(R48=1,O48>Q48),1,0) -> 0 | W48: =IF(AND(T48=1,P48<>"",P48<=Q48),1,0) -> 0
A49: APIGATEWAY-0111 | B49: Server | C49: Ubuntu 22.04 | D49: MOVEit Transfer | E49: CVE-2023-34362 | F49: Closed | G49: Critical | H49: 46139 | I49: 46151 | J49: 9.8 | K49: API-Gateway | L49: Low | M49: VULN-4834713 | N49: Apply vendor patch immediately; isolate host from network if patch unavailable within 24h. | O49: ='Exec Summary'!$E$2-H49 -> 95 | P49: =IF(I49="","",I49-H49) -> 12 | Q49: =VLOOKUP(G49,$AA$2:$AB$5,2,FALSE()) -> 15 | R49: =IF(OR(F49="Open",F49="Reopened"),1,0) -> 0 | S49: =IF(AND(H49>='Exec Summary'!$E$1,H49<='Exec Summary'!$E$2),1,0) -> 0 | T49: =IF(AND(F49="Closed",I49<>"",I49>='Exec Summary'!$E$1,I49<='Exec Summary'!$E$2),1,0) -> 0 | U49: =IF(F49="Reopened",1,0) -> 0 | V49: =IF(AND(R49=1,O49>Q49),1,0) -> 0 | W49: =IF(AND(T49=1,P49<>"",P49<=Q49),1,0) -> 0
A50: APIGATEWAY-0111 | B50: Server | C50: Ubuntu 22.04 | D50: Microsoft Outlook | E50: CVE-2024-21413 | F50: Open | G50: Critical | H50: 45985 | J50: 9.8 | K50: API-Gateway | L50: Low | M50: VULN-4956154 | N50: Apply vendor patch immediately; isolate host from network if patch unavailable within 24h. | O50: ='Exec Summary'!$E$2-H50 -> 249 | P50: =IF(I50="","",I50-H50) | Q50: =VLOOKUP(G50,$AA$2:$AB$5,2,FALSE()) -> 15 | R50: =IF(OR(F50="Open",F50="Reopened"),1,0) -> 1 | S50: =IF(AND(H50>='Exec Summary'!$E$1,H50<='Exec Summary'!$E$2),1,0) -> 0 | T50: =IF(AND(F50="Closed",I50<>"",I50>='Exec Summary'!$E$1,I50<='Exec Summary'!$E$2),1,0) -> 0 | U50: =IF(F50="Reopened",1,0) -> 0 | V50: =IF(AND(R50=1,O50>Q50),1,0) -> 1 | W50: =IF(AND(T50=1,P50<>"",P50<=Q50),1,0) -> 0
A51: APIGATEWAY-0111 | B51: Server | C51: Ubuntu 22.04 | D51: Atlassian Confluence | E51: CVE-2023-22515 | F51: Closed | G51: Critical | H51: 46218 | I51: 46232 | J51: 9.1 | K51: API-Gateway | L51: Low | M51: VULN-3446851 | N51: Apply vendor patch immediately; isolate host from network if patch unavailable within 24h. | O51: ='Exec Summary'!$E$2-H51 -> 16 | P51: =IF(I51="","",I51-H51) -> 14 | Q51: =VLOOKUP(G51,$AA$2:$AB$5,2,FALSE()) -> 15 | R51: =IF(OR(F51="Open",F51="Reopened"),1,0) -> 0 | S51: =IF(AND(H51>='Exec Summary'!$E$1,H51<='Exec Summary'!$E$2),1,0) -> 1 | T51: =IF(AND(F51="Closed",I51<>"",I51>='Exec Summary'!$E$1,I51<='Exec Summary'!$E$2),1,0) -> 1 | U51: =IF(F51="Reopened",1,0) -> 0 | V51: =IF(AND(R51=1,O51>Q51),1,0) -> 0 | W51: =IF(AND(T51=1,P51<>"",P51<=Q51),1,0) -> 1
A52: APIGATEWAY-0111 | B52: Server | C52: Ubuntu 22.04 | D52: FortiOS | E52: CVE-2024-21762 | F52: Closed | G52: Critical | H52: 46010 | I52: 46028 | J52: 9.8 | K52: API-Gateway | L52: Low | M52: VULN-9673937 | N52: Apply vendor patch immediately; isolate host from network if patch unavailable within 24h. | O52: ='Exec Summary'!$E$2-H52 -> 224 | P52: =IF(I52="","",I52-H52) -> 18 | Q52: =VLOOKUP(G52,$AA$2:$AB$5,2,FALSE()) -> 15 | R52: =IF(OR(F52="Open",F52="Reopened"),1,0) -> 0 | S52: =IF(AND(H52>='Exec Summary'!$E$1,H52<='Exec Summary'!$E$2),1,0) -> 0 | T52: =IF(AND(F52="Closed",I52<>"",I52>='Exec Summary'!$E$1,I52<='Exec Summary'!$E$2),1,0) -> 0 | U52: =IF(F52="Reopened",1,0) -> 0 | V52: =IF(AND(R52=1,O52>Q52),1,0) -> 0 | W52: =IF(AND(T52=1,P52<>"",P52<=Q52),1,0) -> 0
A53: APIGATEWAY-0111 | B53: Server | C53: Ubuntu 22.04 | D53: FortiOS SSL-VPN | E53: CVE-2023-27997 | F53: Open | G53: Critical | H53: 46207 | J53: 9.8 | K53: API-Gateway | L53: Low | M53: VULN-9164132 | N53: Apply vendor patch immediately; isolate host from network if patch unavailable within 24h. | O53: ='Exec Summary'!$E$2-H53 -> 27 | P53: =IF(I53="","",I53-H53) | Q53: =VLOOKUP(G53,$AA$2:$AB$5,2,FALSE()) -> 15 | R53: =IF(OR(F53="Open",F53="Reopened"),1,0) -> 1 | S53: =IF(AND(H53>='Exec Summary'!$E$1,H53<='Exec Summary'!$E$2),1,0) -> 1 | T53: =IF(AND(F53="Closed",I53<>"",I53>='Exec Summary'!$E$1,I53<='Exec Summary'!$E$2),1,0) -> 0 | U53: =IF(F53="Reopened",1,0) -> 0 | V53: =IF(AND(R53=1,O53>Q53),1,0) -> 1 | W53: =IF(AND(T53=1,P53<>"",P53<=Q53),1,0) -> 0
A54: APIGATEWAY-0111 | B54: Server | C54: Ubuntu 22.04 | D54: libwebp | E54: CVE-2023-4863 | F54: Closed | G54: High | H54: 46087 | I54: 46110 | J54: 8.8 | K54: API-Gateway | L54: Low | M54: VULN-1800429 | N54: Schedule patch within next maintenance window; apply compensating WAF/firewall rule if delayed. | O54: ='Exec Summary'!$E$2-H54 -> 147 | P54: =IF(I54="","",I54-H54) -> 23 | Q54: =VLOOKUP(G54,$AA$2:$AB$5,2,FALSE()) -> 30 | R54: =IF(OR(F54="Open",F54="Reopened"),1,0) -> 0 | S54: =IF(AND(H54>='Exec Summary'!$E$1,H54<='Exec Summary'!$E$2),1,0) -> 0 | T54: =IF(AND(F54="Closed",I54<>"",I54>='Exec Summary'!$E$1,I54<='Exec Summary'!$E$2),1,0) -> 0 | U54: =IF(F54="Reopened",1,0) -> 0 | V54: =IF(AND(R54=1,O54>Q54),1,0) -> 0 | W54: =IF(AND(T54=1,P54<>"",P54<=Q54),1,0) -> 0
A55: APIGATEWAY-0111 | B55: Server | C55: Ubuntu 22.04 | D55: curl | E55: CVE-2023-38545 | F55: Closed | G55: High | H55: 46137 | I55: 46164 | J55: 7.5 | K55: API-Gateway | L55: Low | M55: VULN-2615677 | N55: Schedule patch within next maintenance window; apply compensating WAF/firewall rule if delayed. | O55: ='Exec Summary'!$E$2-H55 -> 97 | P55: =IF(I55="","",I55-H55) -> 27 | Q55: =VLOOKUP(G55,$AA$2:$AB$5,2,FALSE()) -> 30 | R55: =IF(OR(F55="Open",F55="Reopened"),1,0) -> 0 | S55: =IF(AND(H55>='Exec Summary'!$E$1,H55<='Exec Summary'!$E$2),1,0) -> 0 | T55: =IF(AND(F55="Closed",I55<>"",I55>='Exec Summary'!$E$1,I55<='Exec Summary'!$E$2),1,0) -> 0 | U55: =IF(F55="Reopened",1,0) -> 0 | V55: =IF(AND(R55=1,O55>Q55),1,0) -> 0 | W55: =IF(AND(T55=1,P55<>"",P55<=Q55),1,0) -> 0
A56: APIGATEWAY-0111 | B56: Server | C56: Ubuntu 22.04 | D56: MySQL | E56: CVE-2024-6670 | F56: Open | G56: High | H56: 46164 | J56: 8.1 | K56: API-Gateway | L56: Low | M56: VULN-5358202 | N56: Schedule patch within next maintenance window; apply compensating WAF/firewall rule if delayed. | O56: ='Exec Summary'!$E$2-H56 -> 70 | P56: =IF(I56="","",I56-H56) | Q56: =VLOOKUP(G56,$AA$2:$AB$5,2,FALSE()) -> 30 | R56: =IF(OR(F56="Open",F56="Reopened"),1,0) -> 1 | S56: =IF(AND(H56>='Exec Summary'!$E$1,H56<='Exec Summary'!$E$2),1,0) -> 0 | T56: =IF(AND(F56="Closed",I56<>"",I56>='Exec Summary'!$E$1,I56<='Exec Summary'!$E$2),1,0) -> 0 | U56: =IF(F56="Reopened",1,0) -> 0 | V56: =IF(AND(R56=1,O56>Q56),1,0) -> 1 | W56: =IF(AND(T56=1,P56<>"",P56<=Q56),1,0) -> 0
A57: APIGATEWAY-0111 | B57: Server | C57: Ubuntu 22.04 | D57: Windows TCP/IP Stack | E57: CVE-2024-38063 | F57: Closed | G57: Critical | H57: 46118 | I57: 46133 | J57: 9.8 | K57: API-Gateway | L57: Low | M57: VULN-5323737 | N57: Apply vendor patch immediately; isolate host from network if patch unavailable within 24h. | O57: ='Exec Summary'!$E$2-H57 -> 116 | P57: =IF(I57="","",I57-H57) -> 15 | Q57: =VLOOKUP(G57,$AA$2:$AB$5,2,FALSE()) -> 15 | R57: =IF(OR(F57="Open",F57="Reopened"),1,0) -> 0 | S57: =IF(AND(H57>='Exec Summary'!$E$1,H57<='Exec Summary'!$E$2),1,0) -> 0 | T57: =IF(AND(F57="Closed",I57<>"",I57>='Exec Summary'!$E$1,I57<='Exec Summary'!$E$2),1,0) -> 0 | U57: =IF(F57="Reopened",1,0) -> 0 | V57: =IF(AND(R57=1,O57>Q57),1,0) -> 0 | W57: =IF(AND(T57=1,P57<>"",P57<=Q57),1,0) -> 0
A58: APIGATEWAY-0112 | B58: Server | C58: Windows Server 2019 | D58: Spring Framework | E58: CVE-2022-22965 | F58: Open | G58: Critical | H58: 46183 | J58: 9.8 | K58: API-Gateway | L58: Medium | M58: VULN-8498243 | N58: Apply vendor patch immediately; isolate host from network if patch unavailable within 24h. | O58: ='Exec Summary'!$E$2-H58 -> 51 | P58: =IF(I58="","",I58-H58) | Q58: =VLOOKUP(G58,$AA$2:$AB$5,2,FALSE()) -> 15 | R58: =IF(OR(F58="Open",F58="Reopened"),1,0) -> 1 | S58: =IF(AND(H58>='Exec Summary'!$E$1,H58<='Exec Summary'!$E$2),1,0) -> 0 | T58: =IF(AND(F58="Closed",I58<>"",I58>='Exec Summary'!$E$1,I58<='Exec Summary'!$E$2),1,0) -> 0 | U58: =IF(F58="Reopened",1,0) -> 0 | V58: =IF(AND(R58=1,O58>Q58),1,0) -> 1 | W58: =IF(AND(T58=1,P58<>"",P58<=Q58),1,0) -> 0
A59: APIGATEWAY-0112 | B59: Server | C59: Windows Server 2019 | D59: Microsoft Exchange Server | E59: CVE-2024-49040 | F59: Closed | G59: Medium | H59: 45974 | I59: 46028 | J59: 6.5 | K59: API-Gateway | L59: Medium | M59: VULN-3811450 | N59: Include in next scheduled patch cycle. | O59: ='Exec Summary'!$E$2-H59 -> 260 | P59: =IF(I59="","",I59-H59) -> 54 | Q59: =VLOOKUP(G59,$AA$2:$AB$5,2,FALSE()) -> 90 | R59: =IF(OR(F59="Open",F59="Reopened"),1,0) -> 0 | S59: =IF(AND(H59>='Exec Summary'!$E$1,H59<='Exec Summary'!$E$2),1,0) -> 0 | T59: =IF(AND(F59="Closed",I59<>"",I59>='Exec Summary'!$E$1,I59<='Exec Summary'!$E$2),1,0) -> 0 | U59: =IF(F59="Reopened",1,0) -> 0 | V59: =IF(AND(R59=1,O59>Q59),1,0) -> 0 | W59: =IF(AND(T59=1,P59<>"",P59<=Q59),1,0) -> 0
A60: APIGATEWAY-0112 | B60: Server | C60: Windows Server 2019 | D60: MySQL | E60: CVE-2024-6670 | F60: Closed | G60: High | H60: 46106 | I60: 46147 | J60: 8.1 | K60: API-Gateway | L60: Medium | M60: VULN-7790959 | N60: Schedule patch within next maintenance window; apply compensating WAF/firewall rule if delayed. | O60: ='Exec Summary'!$E$2-H60 -> 128 | P60: =IF(I60="","",I60-H60) -> 41 | Q60: =VLOOKUP(G60,$AA$2:$AB$5,2,FALSE()) -> 30 | R60: =IF(OR(F60="Open",F60="Reopened"),1,0) -> 0 | S60: =IF(AND(H60>='Exec Summary'!$E$1,H60<='Exec Summary'!$E$2),1,0) -> 0 | T60: =IF(AND(F60="Closed",I60<>"",I60>='Exec Summary'!$E$1,I60<='Exec Summary'!$E$2),1,0) -> 0 | U60: =IF(F60="Reopened",1,0) -> 0 | V60: =IF(AND(R60=1,O60>Q60),1,0) -> 0 | W60: =IF(AND(T60=1,P60<>"",P60<=Q60),1,0) -> 0
A61: APIGATEWAY-0112 | B61: Server | C61: Windows Server 2019 | D61: curl | E61: CVE-2023-38545 | F61: Closed | G61: High | H61: 45970 | I61: 45986 | J61: 7.5 | K61: API-Gateway | L61: Medium | M61: VULN-5487442 | N61: Schedule patch within next maintenance window; apply compensating WAF/firewall rule if delayed. | O61: ='Exec Summary'!$E$2-H61 -> 264 | P61: =IF(I61="","",I61-H61) -> 16 | Q61: =VLOOKUP(G61,$AA$2:$AB$5,2,FALSE()) -> 30 | R61: =IF(OR(F61="Open",F61="Reopened"),1,0) -> 0 | S61: =IF(AND(H61>='Exec Summary'!$E$1,H61<='Exec Summary'!$E$2),1,0) -> 0 | T61: =IF(AND(F61="Closed",I61<>"",I61>='Exec Summary'!$E$1,I61<='Exec Summary'!$E$2),1,0) -> 0 | U61: =IF(F61="Reopened",1,0) -> 0 | V61: =IF(AND(R61=1,O61>Q61),1,0) -> 0 | W61: =IF(AND(T61=1,P61<>"",P61<=Q61),1,0) -> 0
A62: APIGATEWAY-0112 | B62: Server | C62: Windows Server 2019 | D62: Microsoft Edge | E62: CVE-2024-38178 | F62: Closed | G62: High | H62: 46136 | I62: 46168 | J62: 7.5 | K62: API-Gateway | L62: Medium | M62: VULN-7092894 | N62: Schedule patch within next maintenance window; apply compensating WAF/firewall rule if delayed. | O62: ='Exec Summary'!$E$2-H62 -> 98 | P62: =IF(I62="","",I62-H62) -> 32 | Q62: =VLOOKUP(G62,$AA$2:$AB$5,2,FALSE()) -> 30 | R62: =IF(OR(F62="Open",F62="Reopened"),1,0) -> 0 | S62: =IF(AND(H62>='Exec Summary'!$E$1,H62<='Exec Summary'!$E$2),1,0) -> 0 | T62: =IF(AND(F62="Closed",I62<>"",I62>='Exec Summary'!$E$1,I62<='Exec Summary'!$E$2),1,0) -> 0 | U62: =IF(F62="Reopened",1,0) -> 0 | V62: =IF(AND(R62=1,O62>Q62),1,0) -> 0 | W62: =IF(AND(T62=1,P62<>"",P62<=Q62),1,0) -> 0
A63: APIGATEWAY-0112 | B63: Server | C63: Windows Server 2019 | D63: PAN-OS | E63: CVE-2024-3400 | F63: Open | G63: Critical | H63: 46200 | J63: 10 | K63: API-Gateway | L63: Medium | M63: VULN-7945583 | N63: Apply vendor patch immediately; isolate host from network if patch unavailable within 24h. | O63: ='Exec Summary'!$E$2-H63 -> 34 | P63: =IF(I63="","",I63-H63) | Q63: =VLOOKUP(G63,$AA$2:$AB$5,2,FALSE()) -> 15 | R63: =IF(OR(F63="Open",F63="Reopened"),1,0) -> 1 | S63: =IF(AND(H63>='Exec Summary'!$E$1,H63<='Exec Summary'!$E$2),1,0) -> 0 | T63: =IF(AND(F63="Closed",I63<>"",I63>='Exec Summary'!$E$1,I63<='Exec Summary'!$E$2),1,0) -> 0 | U63: =IF(F63="Reopened",1,0) -> 0 | V63: =IF(AND(R63=1,O63>Q63),1,0) -> 1 | W63: =IF(AND(T63=1,P63<>"",P63<=Q63),1,0) -> 0
A64: APIGATEWAY-0112 | B64: Server | C64: Windows Server 2019 | D64: FortiOS | E64: CVE-2024-21762 | F64: Closed | G64: Critical | H64: 46019 | I64: 46041 | J64: 9.8 | K64: API-Gateway | L64: Medium | M64: VULN-2343263 | N64: Apply vendor patch immediately; isolate host from network if patch unavailable within 24h. | O64: ='Exec Summary'!$E$2-H64 -> 215 | P64: =IF(I64="","",I64-H64) -> 22 | Q64: =VLOOKUP(G64,$AA$2:$AB$5,2,FALSE()) -> 15 | R64: =IF(OR(F64="Open",F64="Reopened"),1,0) -> 0 | S64: =IF(AND(H64>='Exec Summary'!$E$1,H64<='Exec Summary'!$E$2),1,0) -> 0 | T64: =IF(AND(F64="Closed",I64<>"",I64>='Exec Summary'!$E$1,I64<='Exec Summary'!$E$2),1,0) -> 0 | U64: =IF(F64="Reopened",1,0) -> 0 | V64: =IF(AND(R64=1,O64>Q64),1,0) -> 0 | W64: =IF(AND(T64=1,P64<>"",P64<=Q64),1,0) -> 0
A65: APIGATEWAY-0112 | B65: Server | C65: Windows Server 2019 | D65: Atlassian Confluence | E65: CVE-2023-22515 | F65: Closed | G65: Critical | H65: 46041 | I65: 46053 | J65: 9.1 | K65: API-Gateway | L65: Medium | M65: VULN-2070258 | N65: Apply vendor patch immediately; isolate host from network if patch unavailable within 24h. | O65: ='Exec Summary'!$E$2-H65 -> 193 | P65: =IF(I65="","",I65-H65) -> 12 | Q65: =VLOOKUP(G65,$AA$2:$AB$5,2,FALSE()) -> 15 | R65: =IF(OR(F65="Open",F65="Reopened"),1,0) -> 0 | S65: =IF(AND(H65>='Exec Summary'!$E$1,H65<='Exec Summary'!$E$2),1,0) -> 0 | T65: =IF(AND(F65="Closed",I65<>"",I65>='Exec Summary'!$E$1,I65<='Exec Summary'!$E$2),1,0) -> 0 | U65: =IF(F65="Reopened",1,0) -> 0 | V65: =IF(AND(R65=1,O65>Q65),1,0) -> 0 | W65: =IF(AND(T65=1,P65<>"",P65<=Q65),1,0) -> 0
A66: APIGATEWAY-0112 | B66: Server | C66: Windows Server 2019 | D66: Apache Log4j | E66: CVE-2021-44228 | F66: Closed | G66: Critical | H66: 46176 | I66: 46193 | J66: 10 | K66: API-Gateway | L66: Medium | M66: VULN-2396723 | N66: Apply vendor patch immediately; isolate host from network if patch unavailable within 24h. | O66: ='Exec Summary'!$E$2-H66 -> 58 | P66: =IF(I66="","",I66-H66) -> 17 | Q66: =VLOOKUP(G66,$AA$2:$AB$5,2,FALSE()) -> 15 | R66: =IF(OR(F66="Open",F66="Reopened"),1,0) -> 0 | S66: =IF(AND(H66>='Exec Summary'!$E$1,H66<='Exec Summary'!$E$2),1,0) -> 0 | T66: =IF(AND(F66="Closed",I66<>"",I66>='Exec Summary'!$E$1,I66<='Exec Summary'!$E$2),1,0) -> 0 | U66: =IF(F66="Reopened",1,0) -> 0 | V66: =IF(AND(R66=1,O66>Q66),1,0) -> 0 | W66: =IF(AND(T66=1,P66<>"",P66<=Q66),1,0) -> 0
A67: APIGATEWAY-0112 | B67: Server | C67: Windows Server 2019 | D67: VMware Aria Operations | E67: CVE-2023-20887 | F67: Closed | G67: High | H67: 45987 | I67: 46011 | J67: 8.6 | K67: API-Gateway | L67: Medium | M67: VULN-7540534 | N67: Schedule patch within next maintenance window; apply compensating WAF/firewall rule if delayed. | O67: ='Exec Summary'!$E$2-H67 -> 247 | P67: =IF(I67="","",I67-H67) -> 24 | Q67: =VLOOKUP(G67,$AA$2:$AB$5,2,FALSE()) -> 30 | R67: =IF(OR(F67="Open",F67="Reopened"),1,0) -> 0 | S67: =IF(AND(H67>='Exec Summary'!$E$1,H67<='Exec Summary'!$E$2),1,0) -> 0 | T67: =IF(AND(F67="Closed",I67<>"",I67>='Exec Summary'!$E$1,I67<='Exec Summary'!$E$2),1,0) -> 0 | U67: =IF(F67="Reopened",1,0) -> 0 | V67: =IF(AND(R67=1,O67>Q67),1,0) -> 0 | W67: =IF(AND(T67=1,P67<>"",P67<=Q67),1,0) -> 0
A68: APIGATEWAY-0113 | B68: Server | C68: RHEL 8 | D68: Windows Hyper-V | E68: CVE-2024-38080 | F68: Open | G68: Critical | H68: 46210 | J68: 7.8 | K68: API-Gateway | L68: Low | M68: VULN-8463259 | N68: Apply vendor patch immediately; isolate host from network if patch unavailable within 24h. | O68: ='Exec Summary'!$E$2-H68 -> 24 | P68: =IF(I68="","",I68-H68) | Q68: =VLOOKUP(G68,$AA$2:$AB$5,2,FALSE()) -> 15 | R68: =IF(OR(F68="Open",F68="Reopened"),1,0) -> 1 | S68: =IF(AND(H68>='Exec Summary'!$E$1,H68<='Exec Summary'!$E$2),1,0) -> 1 | T68: =IF(AND(F68="Closed",I68<>"",I68>='Exec Summary'!$E$1,I68<='Exec Summary'!$E$2),1,0) -> 0 | U68: =IF(F68="Reopened",1,0) -> 0 | V68: =IF(AND(R68=1,O68>Q68),1,0) -> 1 | W68: =IF(AND(T68=1,P68<>"",P68<=Q68),1,0) -> 0
A69: APIGATEWAY-0113 | B69: Server | C69: RHEL 8 | D69: curl | E69: CVE-2023-38545 | F69: Open | G69: High | H69: 46003 | J69: 7.5 | K69: API-Gateway | L69: Low | M69: VULN-3970181 | N69: Schedule patch within next maintenance window; apply compensating WAF/firewall rule if delayed. | O69: ='Exec Summary'!$E$2-H69 -> 231 | P69: =IF(I69="","",I69-H69) | Q69: =VLOOKUP(G69,$AA$2:$AB$5,2,FALSE()) -> 30 | R69: =IF(OR(F69="Open",F69="Reopened"),1,0) -> 1 | S69: =IF(AND(H69>='Exec Summary'!$E$1,H69<='Exec Summary'!$E$2),1,0) -> 0 | T69: =IF(AND(F69="Closed",I69<>"",I69>='Exec Summary'!$E$1,I69<='Exec Summary'!$E$2),1,0) -> 0 | U69: =IF(F69="Reopened",1,0) -> 0 | V69: =IF(AND(R69=1,O69>Q69),1,0) -> 1 | W69: =IF(AND(T69=1,P69<>"",P69<=Q69),1,0) -> 0
A70: APIGATEWAY-0113 | B70: Server | C70: RHEL 8 | D70: xz-utils | E70: CVE-2024-3094 | F70: Open | G70: Critical | H70: 46167 | J70: 10 | K70: API-Gateway | L70: Low | M70: VULN-8297709 | N70: Apply vendor patch immediately; isolate host from network if patch unavailable within 24h. | O70: ='Exec Summary'!$E$2-H70 -> 67 | P70: =IF(I70="","",I70-H70) | Q70: =VLOOKUP(G70,$AA$2:$AB$5,2,FALSE()) -> 15 | R70: =IF(OR(F70="Open",F70="Reopened"),1,0) -> 1 | S70: =IF(AND(H70>='Exec Summary'!$E$1,H70<='Exec Summary'!$E$2),1,0) -> 0 | T70: =IF(AND(F70="Closed",I70<>"",I70>='Exec Summary'!$E$1,I70<='Exec Summary'!$E$2),1,0) -> 0 | U70: =IF(F70="Reopened",1,0) -> 0 | V70: =IF(AND(R70=1,O70>Q70),1,0) -> 1 | W70: =IF(AND(T70=1,P70<>"",P70<=Q70),1,0) -> 0
A71: APIGATEWAY-0113 | B71: Server | C71: RHEL 8 | D71: OpenSSH | E71: CVE-2024-6387 | F71: Open | G71: Critical | H71: 46202 | J71: 9.8 | K71: API-Gateway | L71: Low | M71: VULN-9955411 | N71: Apply vendor patch immediately; isolate host from network if patch unavailable within 24h. | O71: ='Exec Summary'!$E$2-H71 -> 32 | P71: =IF(I71="","",I71-H71) | Q71: =VLOOKUP(G71,$AA$2:$AB$5,2,FALSE()) -> 15 | R71: =IF(OR(F71="Open",F71="Reopened"),1,0) -> 1 | S71: =IF(AND(H71>='Exec Summary'!$E$1,H71<='Exec Summary'!$E$2),1,0) -> 0 | T71: =IF(AND(F71="Closed",I71<>"",I71>='Exec Summary'!$E$1,I71<='Exec Summary'!$E$2),1,0) -> 0 | U71: =IF(F71="Reopened",1,0) -> 0 | V71: =IF(AND(R71=1,O71>Q71),1,0) -> 1 | W71: =IF(AND(T71=1,P71<>"",P71<=Q71),1,0) -> 0
A72: APIGATEWAY-0113 | B72: Server | C72: RHEL 8 | D72: Apache Log4j | E72: CVE-2021-44228 | F72: Open | G72: Critical | H72: 46092 | J72: 10 | K72: API-Gateway | L72: Low | M72: VULN-9080774 | N72: Apply vendor patch immediately; isolate host from network if patch unavailable within 24h. | O72: ='Exec Summary'!$E$2-H72 -> 142 | P72: =IF(I72="","",I72-H72) | Q72: =VLOOKUP(G72,$AA$2:$AB$5,2,FALSE()) -> 15 | R72: =IF(OR(F72="Open",F72="Reopened"),1,0) -> 1 | S72: =IF(AND(H72>='Exec Summary'!$E$1,H72<='Exec Summary'!$E$2),1,0) -> 0 | T72: =IF(AND(F72="Closed",I72<>"",I72>='Exec Summary'!$E$1,I72<='Exec Summary'!$E$2),1,0) -> 0 | U72: =IF(F72="Reopened",1,0) -> 0 | V72: =IF(AND(R72=1,O72>Q72),1,0) -> 1 | W72: =IF(AND(T72=1,P72<>"",P72<=Q72),1,0) -> 0
A73: APIGATEWAY-0113 | B73: Server | C73: RHEL 8 | D73: FortiOS | E73: CVE-2024-21762 | F73: Closed | G73: Critical | H73: 46210 | I73: 46226 | J73: 9.8 | K73: API-Gateway | L73: Low | M73: VULN-3612506 | N73: Apply vendor patch immediately; isolate host from network if patch unavailable within 24h. | O73: ='Exec Summary'!$E$2-H73 -> 24 | P73: =IF(I73="","",I73-H73) -> 16 | Q73: =VLOOKUP(G73,$AA$2:$AB$5,2,FALSE()) -> 15 | R73: =IF(OR(F73="Open",F73="Reopened"),1,0) -> 0 | S73: =IF(AND(H73>='Exec Summary'!$E$1,H73<='Exec Summary'!$E$2),1,0) -> 1 | T73: =IF(AND(F73="Closed",I73<>"",I73>='Exec Summary'!$E$1,I73<='Exec Summary'!$E$2),1,0) -> 1 | U73: =IF(F73="Reopened",1,0) -> 0 | V73: =IF(AND(R73=1,O73>Q73),1,0) -> 0 | W73: =IF(AND(T73=1,P73<>"",P73<=Q73),1,0) -> 0
A74: APIGATEWAY-0113 | B74: Server | C74: RHEL 8 | D74: Atlassian Confluence | E74: CVE-2023-22515 | F74: Closed | G74: Critical | H74: 46089 | I74: 46103 | J74: 9.1 | K74: API-Gateway | L74: Low | M74: VULN-3286742 | N74: Apply vendor patch immediately; isolate host from network if patch unavailable within 24h. | O74: ='Exec Summary'!$E$2-H74 -> 145 | P74: =IF(I74="","",I74-H74) -> 14 | Q74: =VLOOKUP(G74,$AA$2:$AB$5,2,FALSE()) -> 15 | R74: =IF(OR(F74="Open",F74="Reopened"),1,0) -> 0 | S74: =IF(AND(H74>='Exec Summary'!$E$1,H74<='Exec Summary'!$E$2),1,0) -> 0 | T74: =IF(AND(F74="Closed",I74<>"",I74>='Exec Summary'!$E$1,I74<='Exec Summary'!$E$2),1,0) -> 0 | U74: =IF(F74="Reopened",1,0) -> 0 | V74: =IF(AND(R74=1,O74>Q74),1,0) -> 0 | W74: =IF(AND(T74=1,P74<>"",P74<=Q74),1,0) -> 0
A75: APIGATEWAY-0113 | B75: Server | C75: RHEL 8 | D75: PHP | E75: CVE-2024-4577 | F75: Closed | G75: Critical | H75: 46110 | I75: 46111 | J75: 9.8 | K75: API-Gateway | L75: Low | M75: VULN-9003857 | N75: Apply vendor patch immediately; isolate host from network if patch unavailable within 24h. | O75: ='Exec Summary'!$E$2-H75 -> 124 | P75: =IF(I75="","",I75-H75) -> 1 | Q75: =VLOOKUP(G75,$AA$2:$AB$5,2,FALSE()) -> 15 | R75: =IF(OR(F75="Open",F75="Reopened"),1,0) -> 0 | S75: =IF(AND(H75>='Exec Summary'!$E$1,H75<='Exec Summary'!$E$2),1,0) -> 0 | T75: =IF(AND(F75="Closed",I75<>"",I75>='Exec Summary'!$E$1,I75<='Exec Summary'!$E$2),1,0) -> 0 | U75: =IF(F75="Reopened",1,0) -> 0 | V75: =IF(AND(R75=1,O75>Q75),1,0) -> 0 | W75: =IF(AND(T75=1,P75<>"",P75<=Q75),1,0) -> 0
A76: APIGATEWAY-0113 | B76: Server | C76: RHEL 8 | D76: Microsoft Office | E76: CVE-2023-36884 | F76: Closed | G76: High | H76: 46087 | I76: 46104 | J76: 7.8 | K76: API-Gateway | L76: Low | M76: VULN-5914425 | N76: Schedule patch within next maintenance window; apply compensating WAF/firewall rule if delayed. | O76: ='Exec Summary'!$E$2-H76 -> 147 | P76: =IF(I76="","",I76-H76) -> 17 | Q76: =VLOOKUP(G76,$AA$2:$AB$5,2,FALSE()) -> 30 | R76: =IF(OR(F76="Open",F76="Reopened"),1,0) -> 0 | S76: =IF(AND(H76>='Exec Summary'!$E$1,H76<='Exec Summary'!$E$2),1,0) -> 0 | T76: =IF(AND(F76="Closed",I76<>"",I76>='Exec Summary'!$E$1,I76<='Exec Summary'!$E$2),1,0) -> 0 | U76: =IF(F76="Reopened",1,0) -> 0 | V76: =IF(AND(R76=1,O76>Q76),1,0) -> 0 | W76: =IF(AND(T76=1,P76<>"",P76<=Q76),1,0) -> 0
A77: APIGATEWAY-0114 | B77: Server | C77: Ubuntu 22.04 | D77: Veeam Backup | E77: CVE-2024-29849 | F77: Closed | G77: High | H77: 46046 | I77: 46059 | J77: 8.1 | K77: API-Gateway | L77: Medium | M77: VULN-5561139 | N77: Schedule patch within next maintenance window; apply compensating WAF/firewall rule if delayed. | O77: ='Exec Summary'!$E$2-H77 -> 188 | P77: =IF(I77="","",I77-H77) -> 13 | Q77: =VLOOKUP(G77,$AA$2:$AB$5,2,FALSE()) -> 30 | R77: =IF(OR(F77="Open",F77="Reopened"),1,0) -> 0 | S77: =IF(AND(H77>='Exec Summary'!$E$1,H77<='Exec Summary'!$E$2),1,0) -> 0 | T77: =IF(AND(F77="Closed",I77<>"",I77>='Exec Summary'!$E$1,I77<='Exec Summary'!$E$2),1,0) -> 0 | U77: =IF(F77="Reopened",1,0) -> 0 | V77: =IF(AND(R77=1,O77>Q77),1,0) -> 0 | W77: =IF(AND(T77=1,P77<>"",P77<=Q77),1,0) -> 0
A78: APIGATEWAY-0114 | B78: Server | C78: Ubuntu 22.04 | D78: Apache ActiveMQ | E78: CVE-2023-46604 | F78: Open | G78: Critical | H78: 46079 | J78: 9.8 | K78: API-Gateway | L78: Medium | M78: VULN-9924543 | N78: Apply vendor patch immediately; isolate host from network if patch unavailable within 24h. | O78: ='Exec Summary'!$E$2-H78 -> 155 | P78: =IF(I78="","",I78-H78) | Q78: =VLOOKUP(G78,$AA$2:$AB$5,2,FALSE()) -> 15 | R78: =IF(OR(F78="Open",F78="Reopened"),1,0) -> 1 | S78: =IF(AND(H78>='Exec Summary'!$E$1,H78<='Exec Summary'!$E$2),1,0) -> 0 | T78: =IF(AND(F78="Closed",I78<>"",I78>='Exec Summary'!$E$1,I78<='Exec Summary'!$E$2),1,0) -> 0 | U78: =IF(F78="Reopened",1,0) -> 0 | V78: =IF(AND(R78=1,O78>Q78),1,0) -> 1 | W78: =IF(AND(T78=1,P78<>"",P78<=Q78),1,0) -> 0
A79: APIGATEWAY-0114 | B79: Server | C79: Ubuntu 22.04 | D79: Jenkins | E79: CVE-2024-23897 | F79: Closed | G79: Critical | H79: 46071 | I79: 46084 | J79: 9.8 | K79: API-Gateway | L79: Medium | M79: VULN-4060284 | N79: Apply vendor patch immediately; isolate host from network if patch unavailable within 24h. | O79: ='Exec Summary'!$E$2-H79 -> 163 | P79: =IF(I79="","",I79-H79) -> 13 | Q79: =VLOOKUP(G79,$AA$2:$AB$5,2,FALSE()) -> 15 | R79: =IF(OR(F79="Open",F79="Reopened"),1,0) -> 0 | S79: =IF(AND(H79>='Exec Summary'!$E$1,H79<='Exec Summary'!$E$2),1,0) -> 0 | T79: =IF(AND(F79="Closed",I79<>"",I79>='Exec Summary'!$E$1,I79<='Exec Summary'!$E$2),1,0) -> 0 | U79: =IF(F79="Reopened",1,0) -> 0 | V79: =IF(AND(R79=1,O79>Q79),1,0) -> 0 | W79: =IF(AND(T79=1,P79<>"",P79<=Q79),1,0) -> 0
A80: APIGATEWAY-0114 | B80: Server | C80: Ubuntu 22.04 | D80: curl | E80: CVE-2023-38545 | F80: Closed | G80: High | H80: 46003 | I80: 46013 | J80: 7.5 | K80: API-Gateway | L80: Medium | M80: VULN-9254323 | N80: Schedule patch within next maintenance window; apply compensating WAF/firewall rule if delayed. | O80: ='Exec Summary'!$E$2-H80 -> 231 | P80: =IF(I80="","",I80-H80) -> 10 | Q80: =VLOOKUP(G80,$AA$2:$AB$5,2,FALSE()) -> 30 | R80: =IF(OR(F80="Open",F80="Reopened"),1,0) -> 0 | S80: =IF(AND(H80>='Exec Summary'!$E$1,H80<='Exec Summary'!$E$2),1,0) -> 0 | T80: =IF(AND(F80="Closed",I80<>"",I80>='Exec Summary'!$E$1,I80<='Exec Summary'!$E$2),1,0) -> 0 | U80: =IF(F80="Reopened",1,0) -> 0 | V80: =IF(AND(R80=1,O80>Q80),1,0) -> 0 | W80: =IF(AND(T80=1,P80<>"",P80<=Q80),1,0) -> 0
A81: APIGATEWAY-0114 | B81: Server | C81: Ubuntu 22.04 | D81: Windows TCP/IP Stack | E81: CVE-2024-38063 | F81: Closed | G81: Critical | H81: 46030 | I81: 46034 | J81: 9.8 | K81: API-Gateway | L81: Medium | M81: VULN-9975319 | N81: Apply vendor patch immediately; isolate host from network if patch unavailable within 24h. | O81: ='Exec Summary'!$E$2-H81 -> 204 | P81: =IF(I81="","",I81-H81) -> 4 | Q81: =VLOOKUP(G81,$AA$2:$AB$5,2,FALSE()) -> 15 | R81: =IF(OR(F81="Open",F81="Reopened"),1,0) -> 0 | S81: =IF(AND(H81>='Exec Summary'!$E$1,H81<='Exec Summary'!$E$2),1,0) -> 0 | T81: =IF(AND(F81="Closed",I81<>"",I81>='Exec Summary'!$E$1,I81<='Exec Summary'!$E$2),1,0) -> 0 | U81: =IF(F81="Reopened",1,0) -> 0 | V81: =IF(AND(R81=1,O81>Q81),1,0) -> 0 | W81: =IF(AND(T81=1,P81<>"",P81<=Q81),1,0) -> 0
A82: APIGATEWAY-0114 | B82: Server | C82: Ubuntu 22.04 | D82: WordPress Backup Migration Plugin | E82: CVE-2023-6553 | F82: Closed | G82: High | H82: 45945 | I82: 45976 | J82: 8.8 | K82: API-Gateway | L82: Medium | M82: VULN-1137641 | N82: Schedule patch within next maintenance window; apply compensating WAF/firewall rule if delayed. | O82: ='Exec Summary'!$E$2-H82 -> 289 | P82: =IF(I82="","",I82-H82) -> 31 | Q82: =VLOOKUP(G82,$AA$2:$AB$5,2,FALSE()) -> 30 | R82: =IF(OR(F82="Open",F82="Reopened"),1,0) -> 0 | S82: =IF(AND(H82>='Exec Summary'!$E$1,H82<='Exec Summary'!$E$2),1,0) -> 0 | T82: =IF(AND(F82="Closed",I82<>"",I82>='Exec Summary'!$E$1,I82<='Exec Summary'!$E$2),1,0) -> 0 | U82: =IF(F82="Reopened",1,0) -> 0 | V82: =IF(AND(R82=1,O82>Q82),1,0) -> 0 | W82: =IF(AND(T82=1,P82<>"",P82<=Q82),1,0) -> 0
A83: APIGATEWAY-0114 | B83: Server | C83: Ubuntu 22.04 | D83: Spring Framework | E83: CVE-2022-22965 | F83: Reopened | G83: Critical | H83: 46053 | I83: 46067 | J83: 9.8 | K83: API-Gateway | L83: Medium | M83: VULN-4643811 | N83: Apply vendor patch immediately; isolate host from network if patch unavailable within 24h. | O83: ='Exec Summary'!$E$2-H83 -> 181 | P83: =IF(I83="","",I83-H83) -> 14 | Q83: =VLOOKUP(G83,$AA$2:$AB$5,2,FALSE()) -> 15 | R83: =IF(OR(F83="Open",F83="Reopened"),1,0) -> 1 | S83: =IF(AND(H83>='Exec Summary'!$E$1,H83<='Exec Summary'!$E$2),1,0) -> 0 | T83: =IF(AND(F83="Closed",I83<>"",I83>='Exec Summary'!$E$1,I83<='Exec Summary'!$E$2),1,0) -> 0 | U83: =IF(F83="Reopened",1,0) -> 1 | V83: =IF(AND(R83=1,O83>Q83),1,0) -> 1 | W83: =IF(AND(T83=1,P83<>"",P83<=Q83),1,0) -> 0
A84: APIGATEWAY-0114 | B84: Server | C84: Ubuntu 22.04 | D84: Microsoft SharePoint Server | E84: CVE-2023-29357 | F84: Closed | G84: Critical | H84: 46109 | I84: 46122 | J84: 9.8 | K84: API-Gateway | L84: Medium | M84: VULN-1532460 | N84: Apply vendor patch immediately; isolate host from network if patch unavailable within 24h. | O84: ='Exec Summary'!$E$2-H84 -> 125 | P84: =IF(I84="","",I84-H84) -> 13 | Q84: =VLOOKUP(G84,$AA$2:$AB$5,2,FALSE()) -> 15 | R84: =IF(OR(F84="Open",F84="Reopened"),1,0) -> 0 | S84: =IF(AND(H84>='Exec Summary'!$E$1,H84<='Exec Summary'!$E$2),1,0) -> 0 | T84: =IF(AND(F84="Closed",I84<>"",I84>='Exec Summary'!$E$1,I84<='Exec Summary'!$E$2),1,0) -> 0 | U84: =IF(F84="Reopened",1,0) -> 0 | V84: =IF(AND(R84=1,O84>Q84),1,0) -> 0 | W84: =IF(AND(T84=1,P84<>"",P84<=Q84),1,0) -> 0
A85: APIGATEWAY-0114 | B85: Server | C85: Ubuntu 22.04 | D85: Windows Wi-Fi Driver | E85: CVE-2024-30078 | F85: Closed | G85: Critical | H85: 46103 | I85: 46106 | J85: 8.8 | K85: API-Gateway | L85: Medium | M85: VULN-3450947 | N85: Apply vendor patch immediately; isolate host from network if patch unavailable within 24h. | O85: ='Exec Summary'!$E$2-H85 -> 131 | P85: =IF(I85="","",I85-H85) -> 3 | Q85: =VLOOKUP(G85,$AA$2:$AB$5,2,FALSE()) -> 15 | R85: =IF(OR(F85="Open",F85="Reopened"),1,0) -> 0 | S85: =IF(AND(H85>='Exec Summary'!$E$1,H85<='Exec Summary'!$E$2),1,0) -> 0 | T85: =IF(AND(F85="Closed",I85<>"",I85>='Exec Summary'!$E$1,I85<='Exec Summary'!$E$2),1,0) -> 0 | U85: =IF(F85="Reopened",1,0) -> 0 | V85: =IF(AND(R85=1,O85>Q85),1,0) -> 0 | W85: =IF(AND(T85=1,P85<>"",P85<=Q85),1,0) -> 0
A86: APIGATEWAY-0115 | B86: Server | C86: Windows Server 2019 | D86: libwebp | E86: CVE-2023-4863 | F86: Closed | G86: High | H86: 45982 | I86: 46019 | J86: 8.8 | K86: API-Gateway | L86: Medium | M86: VULN-6236326 | N86: Schedule patch within next maintenance window; apply compensating WAF/firewall rule if delayed. | O86: ='Exec Summary'!$E$2-H86 -> 252 | P86: =IF(I86="","",I86-H86) -> 37 | Q86: =VLOOKUP(G86,$AA$2:$AB$5,2,FALSE()) -> 30 | R86: =IF(OR(F86="Open",F86="Reopened"),1,0) -> 0 | S86: =IF(AND(H86>='Exec Summary'!$E$1,H86<='Exec Summary'!$E$2),1,0) -> 0 | T86: =IF(AND(F86="Closed",I86<>"",I86>='Exec Summary'!$E$1,I86<='Exec Summary'!$E$2),1,0) -> 0 | U86: =IF(F86="Reopened",1,0) -> 0 | V86: =IF(AND(R86=1,O86>Q86),1,0) -> 0 | W86: =IF(AND(T86=1,P86<>"",P86<=Q86),1,0) -> 0
A87: APIGATEWAY-0115 | B87: Server | C87: Windows Server 2019 | D87: Windows Hyper-V | E87: CVE-2024-38080 | F87: Closed | G87: Critical | H87: 46099 | I87: 46109 | J87: 7.8 | K87: API-Gateway | L87: Medium | M87: VULN-9739692 | N87: Apply vendor patch immediately; isolate host from network if patch unavailable within 24h. | O87: ='Exec Summary'!$E$2-H87 -> 135 | P87: =IF(I87="","",I87-H87) -> 10 | Q87: =VLOOKUP(G87,$AA$2:$AB$5,2,FALSE()) -> 15 | R87: =IF(OR(F87="Open",F87="Reopened"),1,0) -> 0 | S87: =IF(AND(H87>='Exec Summary'!$E$1,H87<='Exec Summary'!$E$2),1,0) -> 0 | T87: =IF(AND(F87="Closed",I87<>"",I87>='Exec Summary'!$E$1,I87<='Exec Summary'!$E$2),1,0) -> 0 | U87: =IF(F87="Reopened",1,0) -> 0 | V87: =IF(AND(R87=1,O87>Q87),1,0) -> 0 | W87: =IF(AND(T87=1,P87<>"",P87<=Q87),1,0) -> 0
A88: APIGATEWAY-0115 | B88: Server | C88: Windows Server 2019 | D88: Apache ActiveMQ | E88: CVE-2023-46604 | F88: Closed | G88: Critical | H88: 45996 | I88: 46004 | J88: 9.8 | K88: API-Gateway | L88: Medium | M88: VULN-4653880 | N88: Apply vendor patch immediately; isolate host from network if patch unavailable within 24h. | O88: ='Exec Summary'!$E$2-H88 -> 238 | P88: =IF(I88="","",I88-H88) -> 8 | Q88: =VLOOKUP(G88,$AA$2:$AB$5,2,FALSE()) -> 15 | R88: =IF(OR(F88="Open",F88="Reopened"),1,0) -> 0 | S88: =IF(AND(H88>='Exec Summary'!$E$1,H88<='Exec Summary'!$E$2),1,0) -> 0 | T88: =IF(AND(F88="Closed",I88<>"",I88>='Exec Summary'!$E$1,I88<='Exec Summary'!$E$2),1,0) -> 0 | U88: =IF(F88="Reopened",1,0) -> 0 | V88: =IF(AND(R88=1,O88>Q88),1,0) -> 0 | W88: =IF(AND(T88=1,P88<>"",P88<=Q88),1,0) -> 0
A89: APIGATEWAY-0115 | B89: Server | C89: Windows Server 2019 | D89: Microsoft SharePoint Server | E89: CVE-2023-29357 | F89: Closed | G89: Critical | H89: 45991 | I89: 45998 | J89: 9.8 | K89: API-Gateway | L89: Medium | M89: VULN-1252794 | N89: Apply vendor patch immediately; isolate host from network if patch unavailable within 24h. | O89: ='Exec Summary'!$E$2-H89 -> 243 | P89: =IF(I89="","",I89-H89) -> 7 | Q89: =VLOOKUP(G89,$AA$2:$AB$5,2,FALSE()) -> 15 | R89: =IF(OR(F89="Open",F89="Reopened"),1,0) -> 0 | S89: =IF(AND(H89>='Exec Summary'!$E$1,H89<='Exec Summary'!$E$2),1,0) -> 0 | T89: =IF(AND(F89="Closed",I89<>"",I89>='Exec Summary'!$E$1,I89<='Exec Summary'!$E$2),1,0) -> 0 | U89: =IF(F89="Reopened",1,0) -> 0 | V89: =IF(AND(R89=1,O89>Q89),1,0) -> 0 | W89: =IF(AND(T89=1,P89<>"",P89<=Q89),1,0) -> 0
A90: APIGATEWAY-0115 | B90: Server | C90: Windows Server 2019 | D90: xz-utils | E90: CVE-2024-3094 | F90: Open | G90: Critical | H90: 46019 | J90: 10 | K90: API-Gateway | L90: Medium | M90: VULN-3007387 | N90: Apply vendor patch immediately; isolate host from network if patch unavailable within 24h. | O90: ='Exec Summary'!$E$2-H90 -> 215 | P90: =IF(I90="","",I90-H90) | Q90: =VLOOKUP(G90,$AA$2:$AB$5,2,FALSE()) -> 15 | R90: =IF(OR(F90="Open",F90="Reopened"),1,0) -> 1 | S90: =IF(AND(H90>='Exec Summary'!$E$1,H90<='Exec Summary'!$E$2),1,0) -> 0 | T90: =IF(AND(F90="Closed",I90<>"",I90>='Exec Summary'!$E$1,I90<='Exec Summary'!$E$2),1,0) -> 0 | U90: =IF(F90="Reopened",1,0) -> 0 | V90: =IF(AND(R90=1,O90>Q90),1,0) -> 1 | W90: =IF(AND(T90=1,P90<>"",P90<=Q90),1,0) -> 0
A91: APIGATEWAY-0115 | B91: Server | C91: Windows Server 2019 | D91: Microsoft Outlook | E91: CVE-2024-21413 | F91: Open | G91: Critical | H91: 46136 | J91: 9.8 | K91: API-Gateway | L91: Medium | M91: VULN-1149818 | N91: Apply vendor patch immediately; isolate host from network if patch unavailable within 24h. | O91: ='Exec Summary'!$E$2-H91 -> 98 | P91: =IF(I91="","",I91-H91) | Q91: =VLOOKUP(G91,$AA$2:$AB$5,2,FALSE()) -> 15 | R91: =IF(OR(F91="Open",F91="Reopened"),1,0) -> 1 | S91: =IF(AND(H91>='Exec Summary'!$E$1,H91<='Exec Summary'!$E$2),1,0) -> 0 | T91: =IF(AND(F91="Closed",I91<>"",I91>='Exec Summary'!$E$1,I91<='Exec Summary'!$E$2),1,0) -> 0 | U91: =IF(F91="Reopened",1,0) -> 0 | V91: =IF(AND(R91=1,O91>Q91),1,0) -> 1 | W91: =IF(AND(T91=1,P91<>"",P91<=Q91),1,0) -> 0
A92: APIGATEWAY-0115 | B92: Server | C92: Windows Server 2019 | D92: Windows TCP/IP Stack | E92: CVE-2024-38063 | F92: Open | G92: Critical | H92: 45955 | J92: 9.8 | K92: API-Gateway | L92: Medium | M92: VULN-8973718 | N92: Apply vendor patch immediately; isolate host from network if patch unavailable within 24h. | O92: ='Exec Summary'!$E$2-H92 -> 279 | P92: =IF(I92="","",I92-H92) | Q92: =VLOOKUP(G92,$AA$2:$AB$5,2,FALSE()) -> 15 | R92: =IF(OR(F92="Open",F92="Reopened"),1,0) -> 1 | S92: =IF(AND(H92>='Exec Summary'!$E$1,H92<='Exec Summary'!$E$2),1,0) -> 0 | T92: =IF(AND(F92="Closed",I92<>"",I92>='Exec Summary'!$E$1,I92<='Exec Summary'!$E$2),1,0) -> 0 | U92: =IF(F92="Reopened",1,0) -> 0 | V92: =IF(AND(R92=1,O92>Q92),1,0) -> 1 | W92: =IF(AND(T92=1,P92<>"",P92<=Q92),1,0) -> 0
A93: APIGATEWAY-0115 | B93: Server | C93: Windows Server 2019 | D93: Jenkins | E93: CVE-2024-23897 | F93: Reopened | G93: Critical | H93: 46013 | I93: 46027 | J93: 9.8 | K93: API-Gateway | L93: Medium | M93: VULN-6677780 | N93: Apply vendor patch immediately; isolate host from network if patch unavailable within 24h. | O93: ='Exec Summary'!$E$2-H93 -> 221 | P93: =IF(I93="","",I93-H93) -> 14 | Q93: =VLOOKUP(G93,$AA$2:$AB$5,2,FALSE()) -> 15 | R93: =IF(OR(F93="Open",F93="Reopened"),1,0) -> 1 | S93: =IF(AND(H93>='Exec Summary'!$E$1,H93<='Exec Summary'!$E$2),1,0) -> 0 | T93: =IF(AND(F93="Closed",I93<>"",I93>='Exec Summary'!$E$1,I93<='Exec Summary'!$E$2),1,0) -> 0 | U93: =IF(F93="Reopened",1,0) -> 1 | V93: =IF(AND(R93=1,O93>Q93),1,0) -> 1 | W93: =IF(AND(T93=1,P93<>"",P93<=Q93),1,0) -> 0
A94: APIGATEWAY-0115 | B94: Server | C94: Windows Server 2019 | D94: Windows Common Log File System Driver | E94: CVE-2024-49138 | F94: Closed | G94: High | H94: 45964 | I94: 45990 | J94: 7.8 | K94: API-Gateway | L94: Medium | M94: VULN-9998515 | N94: Schedule patch within next maintenance window; apply compensating WAF/firewall rule if delayed. | O94: ='Exec Summary'!$E$2-H94 -> 270 | P94: =IF(I94="","",I94-H94) -> 26 | Q94: =VLOOKUP(G94,$AA$2:$AB$5,2,FALSE()) -> 30 | R94: =IF(OR(F94="Open",F94="Reopened"),1,0) -> 0 | S94: =IF(AND(H94>='Exec Summary'!$E$1,H94<='Exec Summary'!$E$2),1,0) -> 0 | T94: =IF(AND(F94="Closed",I94<>"",I94>='Exec Summary'!$E$1,I94<='Exec Summary'!$E$2),1,0) -> 0 | U94: =IF(F94="Reopened",1,0) -> 0 | V94: =IF(AND(R94=1,O94>Q94),1,0) -> 0 | W94: =IF(AND(T94=1,P94<>"",P94<=Q94),1,0) -> 0
A95: APIGATEWAY-0115 | B95: Server | C95: Windows Server 2019 | D95: Microsoft Office | E95: CVE-2023-36884 | F95: Closed | G95: High | H95: 45988 | I95: 46014 | J95: 7.8 | K95: API-Gateway | L95: Medium | M95: VULN-6827024 | N95: Schedule patch within next maintenance window; apply compensating WAF/firewall rule if delayed. | O95: ='Exec Summary'!$E$2-H95 -> 246 | P95: =IF(I95="","",I95-H95) -> 26 | Q95: =VLOOKUP(G95,$AA$2:$AB$5,2,FALSE()) -> 30 | R95: =IF(OR(F95="Open",F95="Reopened"),1,0) -> 0 | S95: =IF(AND(H95>='Exec Summary'!$E$1,H95<='Exec Summary'!$E$2),1,0) -> 0 | T95: =IF(AND(F95="Closed",I95<>"",I95>='Exec Summary'!$E$1,I95<='Exec Summary'!$E$2),1,0) -> 0 | U95: =IF(F95="Reopened",1,0) -> 0 | V95: =IF(AND(R95=1,O95>Q95),1,0) -> 0 | W95: =IF(AND(T95=1,P95<>"",P95<=Q95),1,0) -> 0
A96: APIGATEWAY-0115 | B96: Server | C96: Windows Server 2019 | D96: WordPress Backup Migration Plugin | E96: CVE-2023-6553 | F96: Open | G96: High | H96: 46158 | J96: 8.8 | K96: API-Gateway | L96: Medium | M96: VULN-1358241 | N96: Schedule patch within next maintenance window; apply compensating WAF/firewall rule if delayed. | O96: ='Exec Summary'!$E$2-H96 -> 76 | P96: =IF(I96="","",I96-H96) | Q96: =VLOOKUP(G96,$AA$2:$AB$5,2,FALSE()) -> 30 | R96: =IF(OR(F96="Open",F96="Reopened"),1,0) -> 1 | S96: =IF(AND(H96>='Exec Summary'!$E$1,H96<='Exec Summary'!$E$2),1,0) -> 0 | T96: =IF(AND(F96="Closed",I96<>"",I96>='Exec Summary'!$E$1,I96<='Exec Summary'!$E$2),1,0) -> 0 | U96: =IF(F96="Reopened",1,0) -> 0 | V96: =IF(AND(R96=1,O96>Q96),1,0) -> 1 | W96: =IF(AND(T96=1,P96<>"",P96<=Q96),1,0) -> 0
A97: APIGATEWAY-0115 | B97: Server | C97: Windows Server 2019 | D97: OpenSSH | E97: CVE-2024-6387 | F97: Closed | G97: Critical | H97: 46127 | I97: 46157 | J97: 9.8 | K97: API-Gateway | L97: Medium | M97: VULN-1662507 | N97: Apply vendor patch immediately; isolate host from network if patch unavailable within 24h. | O97: ='Exec Summary'!$E$2-H97 -> 107 | P97: =IF(I97="","",I97-H97) -> 30 | Q97: =VLOOKUP(G97,$AA$2:$AB$5,2,FALSE()) -> 15 | R97: =IF(OR(F97="Open",F97="Reopened"),1,0) -> 0 | S97: =IF(AND(H97>='Exec Summary'!$E$1,H97<='Exec Summary'!$E$2),1,0) -> 0 | T97: =IF(AND(F97="Closed",I97<>"",I97>='Exec Summary'!$E$1,I97<='Exec Summary'!$E$2),1,0) -> 0 | U97: =IF(F97="Reopened",1,0) -> 0 | V97: =IF(AND(R97=1,O97>Q97),1,0) -> 0 | W97: =IF(AND(T97=1,P97<>"",P97<=Q97),1,0) -> 0
A98: APIGATEWAY-0115 | B98: Server | C98: Windows Server 2019 | D98: ConnectWise ScreenConnect | E98: CVE-2024-1709 | F98: Open | G98: Critical | H98: 46182 | J98: 10 | K98: API-Gateway | L98: Medium | M98: VULN-5944490 | N98: Apply vendor patch immediately; isolate host from network if patch unavailable within 24h. | O98: ='Exec Summary'!$E$2-H98 -> 52 | P98: =IF(I98="","",I98-H98) | Q98: =VLOOKUP(G98,$AA$2:$AB$5,2,FALSE()) -> 15 | R98: =IF(OR(F98="Open",F98="Reopened"),1,0) -> 1 | S98: =IF(AND(H98>='Exec Summary'!$E$1,H98<='Exec Summary'!$E$2),1,0) -> 0 | T98: =IF(AND(F98="Closed",I98<>"",I98>='Exec Summary'!$E$1,I98<='Exec Summary'!$E$2),1,0) -> 0 | U98: =IF(F98="Reopened",1,0) -> 0 | V98: =IF(AND(R98=1,O98>Q98),1,0) -> 1 | W98: =IF(AND(T98=1,P98<>"",P98<=Q98),1,0) -> 0
A99: APIGATEWAY-0115 | B99: Server | C99: Windows Server 2019 | D99: Spring Framework | E99: CVE-2022-22965 | F99: Open | G99: Critical | H99: 46211 | J99: 9.8 | K99: API-Gateway | L99: Medium | M99: VULN-4183910 | N99: Apply vendor patch immediately; isolate host from network if patch unavailable within 24h. | O99: ='Exec Summary'!$E$2-H99 -> 23 | P99: =IF(I99="","",I99-H99) | Q99: =VLOOKUP(G99,$AA$2:$AB$5,2,FALSE()) -> 15 | R99: =IF(OR(F99="Open",F99="Reopened"),1,0) -> 1 | S99: =IF(AND(H99>='Exec Summary'!$E$1,H99<='Exec Summary'!$E$2),1,0) -> 1 | T99: =IF(AND(F99="Closed",I99<>"",I99>='Exec Summary'!$E$1,I99<='Exec Summary'!$E$2),1,0) -> 0 | U99: =IF(F99="Reopened",1,0) -> 0 | V99: =IF(AND(R99=1,O99>Q99),1,0) -> 1 | W99: =IF(AND(T99=1,P99<>"",P99<=Q99),1,0) -> 0
A100: APIGATEWAY-0116 | B100: Server | C100: Windows Server 2022 | D100: Windows Hyper-V | E100: CVE-2024-38080 | F100: Open | G100: Critical | H100: 45934 | J100: 7.8 | K100: API-Gateway | L100: Medium | M100: VULN-9488562 | N100: Apply vendor patch immediately; isolate host from network if patch unavailable within 24h. | O100: ='Exec Summary'!$E$2-H100 -> 300 | P100: =IF(I100="","",I100-H100) | Q100: =VLOOKUP(G100,$AA$2:$AB$5,2,FALSE()) -> 15 | R100: =IF(OR(F100="Open",F100="Reopened"),1,0) -> 1 | S100: =IF(AND(H100>='Exec Summary'!$E$1,H100<='Exec Summary'!$E$2),1,0) -> 0 | T100: =IF(AND(F100="Closed",I100<>"",I100>='Exec Summary'!$E$1,I100<='Exec Summary'!$E$2),1,0) -> 0 | U100: =IF(F100="Reopened",1,0) -> 0 | V100: =IF(AND(R100=1,O100>Q100),1,0) -> 1 | W100: =IF(AND(T100=1,P100<>"",P100<=Q100),1,0) -> 0
...

Sheet Tag Leaderboard
A1: Performance by Tag / Project
A3: Tags | B3: Hosts | C3: New | D3: Remediated | E3: Remediation Rate % | F3: Currently Open | G3: Reopened | H3: Open Critical | I3: SLA Breaches | J3: Avg Days to Close
A4: API-Gateway | B4: 41 | C4: =SUMIFS(All_Findings_Raw!$S$2:$S$4274,All_Findings_Raw!$K$2:$K$4274,A4) -> 22 | D4: =SUMIFS(All_Findings_Raw!$T$2:$T$4274,All_Findings_Raw!$K$2:$K$4274,A4) -> 26 | E4: =IFERROR(D4/(D4+F4)*100,0) -> 15.028902 | F4: =SUMIFS(All_Findings_Raw!$R$2:$R$4274,All_Findings_Raw!$K$2:$K$4274,A4) -> 147 | G4: =SUMIFS(All_Findings_Raw!$U$2:$U$4274,All_Findings_Raw!$K$2:$K$4274,A4) -> 18 | H4: =SUMIFS(All_Findings_Raw!$R$2:$R$4274,All_Findings_Raw!$K$2:$K$4274,A4,All_Findings_Raw!$G$2:$G$4274,"Critical") -> 94 | I4: =SUMIFS(All_Findings_Raw!$V$2:$V$4274,All_Findings_Raw!$K$2:$K$4274,A4) -> 143 | J4: =IFERROR(AVERAGEIFS(All_Findings_Raw!$P$2:$P$4274,All_Findings_Raw!$T$2:$T$4274,1,All_Findings_Raw!$K$2:$K$4274,A4),0) -> 19.538462
A5: Customer-Portal | B5: 33 | C5: =SUMIFS(All_Findings_Raw!$S$2:$S$4274,All_Findings_Raw!$K$2:$K$4274,A5) -> 15 | D5: =SUMIFS(All_Findings_Raw!$T$2:$T$4274,All_Findings_Raw!$K$2:$K$4274,A5) -> 9 | E5: =IFERROR(D5/(D5+F5)*100,0) -> 7.5630252 | F5: =SUMIFS(All_Findings_Raw!$R$2:$R$4274,All_Findings_Raw!$K$2:$K$4274,A5) -> 110 | G5: =SUMIFS(All_Findings_Raw!$U$2:$U$4274,All_Findings_Raw!$K$2:$K$4274,A5) -> 11 | H5: =SUMIFS(All_Findings_Raw!$R$2:$R$4274,All_Findings_Raw!$K$2:$K$4274,A5,All_Findings_Raw!$G$2:$G$4274,"Critical") -> 75 | I5: =SUMIFS(All_Findings_Raw!$V$2:$V$4274,All_Findings_Raw!$K$2:$K$4274,A5) -> 106 | J5: =IFERROR(AVERAGEIFS(All_Findings_Raw!$P$2:$P$4274,All_Findings_Raw!$T$2:$T$4274,1,All_Findings_Raw!$K$2:$K$4274,A5),0) -> 12.111111
A6: Data-Platform | B6: 31 | C6: =SUMIFS(All_Findings_Raw!$S$2:$S$4274,All_Findings_Raw!$K$2:$K$4274,A6) -> 14 | D6: =SUMIFS(All_Findings_Raw!$T$2:$T$4274,All_Findings_Raw!$K$2:$K$4274,A6) -> 14 | E6: =IFERROR(D6/(D6+F6)*100,0) -> 11.111111 | F6: =SUMIFS(All_Findings_Raw!$R$2:$R$4274,All_Findings_Raw!$K$2:$K$4274,A6) -> 112 | G6: =SUMIFS(All_Findings_Raw!$U$2:$U$4274,All_Findings_Raw!$K$2:$K$4274,A6) -> 12 | H6: =SUMIFS(All_Findings_Raw!$R$2:$R$4274,All_Findings_Raw!$K$2:$K$4274,A6,All_Findings_Raw!$G$2:$G$4274,"Critical") -> 69 | I6: =SUMIFS(All_Findings_Raw!$V$2:$V$4274,All_Findings_Raw!$K$2:$K$4274,A6) -> 106 | J6: =IFERROR(AVERAGEIFS(All_Findings_Raw!$P$2:$P$4274,All_Findings_Raw!$T$2:$T$4274,1,All_Findings_Raw!$K$2:$K$4274,A6),0) -> 22.642857
A7: DevOps-Tooling | B7: 18 | C7: =SUMIFS(All_Findings_Raw!$S$2:$S$4274,All_Findings_Raw!$K$2:$K$4274,A7) -> 11 | D7: =SUMIFS(All_Findings_Raw!$T$2:$T$4274,All_Findings_Raw!$K$2:$K$4274,A7) -> 10 | E7: =IFERROR(D7/(D7+F7)*100,0) -> 12.987013 | F7: =SUMIFS(All_Findings_Raw!$R$2:$R$4274,All_Findings_Raw!$K$2:$K$4274,A7) -> 67 | G7: =SUMIFS(All_Findings_Raw!$U$2:$U$4274,All_Findings_Raw!$K$2:$K$4274,A7) -> 6 | H7: =SUMIFS(All_Findings_Raw!$R$2:$R$4274,All_Findings_Raw!$K$2:$K$4274,A7,All_Findings_Raw!$G$2:$G$4274,"Critical") -> 41 | I7: =SUMIFS(All_Findings_Raw!$V$2:$V$4274,All_Findings_Raw!$K$2:$K$4274,A7) -> 64 | J7: =IFERROR(AVERAGEIFS(All_Findings_Raw!$P$2:$P$4274,All_Findings_Raw!$T$2:$T$4274,1,All_Findings_Raw!$K$2:$K$4274,A7),0) -> 17.1
A8: Finance-Systems | B8: 24 | C8: =SUMIFS(All_Findings_Raw!$S$2:$S$4274,All_Findings_Raw!$K$2:$K$4274,A8) -> 12 | D8: =SUMIFS(All_Findings_Raw!$T$2:$T$4274,All_Findings_Raw!$K$2:$K$4274,A8) -> 15 | E8: =IFERROR(D8/(D8+F8)*100,0) -> 15.625 | F8: =SUMIFS(All_Findings_Raw!$R$2:$R$4274,All_Findings_Raw!$K$2:$K$4274,A8) -> 81 | G8: =SUMIFS(All_Findings_Raw!$U$2:$U$4274,All_Findings_Raw!$K$2:$K$4274,A8) -> 15 | H8: =SUMIFS(All_Findings_Raw!$R$2:$R$4274,All_Findings_Raw!$K$2:$K$4274,A8,All_Findings_Raw!$G$2:$G$4274,"Critical") -> 48 | I8: =SUMIFS(All_Findings_Raw!$V$2:$V$4274,All_Findings_Raw!$K$2:$K$4274,A8) -> 79 | J8: =IFERROR(AVERAGEIFS(All_Findings_Raw!$P$2:$P$4274,All_Findings_Raw!$T$2:$T$4274,1,All_Findings_Raw!$K$2:$K$4274,A8),0) -> 27.266667
A9: HR-Systems | B9: 43 | C9: =SUMIFS(All_Findings_Raw!$S$2:$S$4274,All_Findings_Raw!$K$2:$K$4274,A9) -> 28 | D9: =SUMIFS(All_Findings_Raw!$T$2:$T$4274,All_Findings_Raw!$K$2:$K$4274,A9) -> 20 | E9: =IFERROR(D9/(D9+F9)*100,0) -> 12.5 | F9: =SUMIFS(All_Findings_Raw!$R$2:$R$4274,All_Findings_Raw!$K$2:$K$4274,A9) -> 140 | G9: =SUMIFS(All_Findings_Raw!$U$2:$U$4274,All_Findings_Raw!$K$2:$K$4274,A9) -> 15 | H9: =SUMIFS(All_Findings_Raw!$R$2:$R$4274,All_Findings_Raw!$K$2:$K$4274,A9,All_Findings_Raw!$G$2:$G$4274,"Critical") -> 86 | I9: =SUMIFS(All_Findings_Raw!$V$2:$V$4274,All_Findings_Raw!$K$2:$K$4274,A9) -> 133 | J9: =IFERROR(AVERAGEIFS(All_Findings_Raw!$P$2:$P$4274,All_Findings_Raw!$T$2:$T$4274,1,All_Findings_Raw!$K$2:$K$4274,A9),0) -> 23.3
A10: Identity-Auth | B10: 29 | C10: =SUMIFS(All_Findings_Raw!$S$2:$S$4274,All_Findings_Raw!$K$2:$K$4274,A10) -> 14 | D10: =SUMIFS(All_Findings_Raw!$T$2:$T$4274,All_Findings_Raw!$K$2:$K$4274,A10) -> 12 | E10: =IFERROR(D10/(D10+F10)*100,0) -> 10 | F10: =SUMIFS(All_Findings_Raw!$R$2:$R$4274,All_Findings_Raw!$K$2:$K$4274,A10) -> 108 | G10: =SUMIFS(All_Findings_Raw!$U$2:$U$4274,All_Findings_Raw!$K$2:$K$4274,A10) -> 13 | H10: =SUMIFS(All_Findings_Raw!$R$2:$R$4274,All_Findings_Raw!$K$2:$K$4274,A10,All_Findings_Raw!$G$2:$G$4274,"Critical") -> 62 | I10: =SUMIFS(All_Findings_Raw!$V$2:$V$4274,All_Findings_Raw!$K$2:$K$4274,A10) -> 102 | J10: =IFERROR(AVERAGEIFS(All_Findings_Raw!$P$2:$P$4274,All_Findings_Raw!$T$2:$T$4274,1,All_Findings_Raw!$K$2:$K$4274,A10),0) -> 20
A11: Internal-Tools | B11: 39 | C11: =SUMIFS(All_Findings_Raw!$S$2:$S$4274,All_Findings_Raw!$K$2:$K$4274,A11) -> 12 | D11: =SUMIFS(All_Findings_Raw!$T$2:$T$4274,All_Findings_Raw!$K$2:$K$4274,A11) -> 15 | E11: =IFERROR(D11/(D11+F11)*100,0) -> 11.627907 | F11: =SUMIFS(All_Findings_Raw!$R$2:$R$4274,All_Findings_Raw!$K$2:$K$4274,A11) -> 114 | G11: =SUMIFS(All_Findings_Raw!$U$2:$U$4274,All_Findings_Raw!$K$2:$K$4274,A11) -> 17 | H11: =SUMIFS(All_Findings_Raw!$R$2:$R$4274,All_Findings_Raw!$K$2:$K$4274,A11,All_Findings_Raw!$G$2:$G$4274,"Critical") -> 77 | I11: =SUMIFS(All_Findings_Raw!$V$2:$V$4274,All_Findings_Raw!$K$2:$K$4274,A11) -> 110 | J11: =IFERROR(AVERAGEIFS(All_Findings_Raw!$P$2:$P$4274,All_Findings_Raw!$T$2:$T$4274,1,All_Findings_Raw!$K$2:$K$4274,A11),0) -> 12.8
A12: Legacy-Systems | B12: 44 | C12: =SUMIFS(All_Findings_Raw!$S$2:$S$4274,All_Findings_Raw!$K$2:$K$4274,A12) -> 21 | D12: =SUMIFS(All_Findings_Raw!$T$2:$T$4274,All_Findings_Raw!$K$2:$K$4274,A12) -> 24 | E12: =IFERROR(D12/(D12+F12)*100,0) -> 12.631579 | F12: =SUMIFS(All_Findings_Raw!$R$2:$R$4274,All_Findings_Raw!$K$2:$K$4274,A12) -> 166 | G12: =SUMIFS(All_Findings_Raw!$U$2:$U$4274,All_Findings_Raw!$K$2:$K$4274,A12) -> 22 | H12: =SUMIFS(All_Findings_Raw!$R$2:$R$4274,All_Findings_Raw!$K$2:$K$4274,A12,All_Findings_Raw!$G$2:$G$4274,"Critical") -> 108 | I12: =SUMIFS(All_Findings_Raw!$V$2:$V$4274,All_Findings_Raw!$K$2:$K$4274,A12) -> 160 | J12: =IFERROR(AVERAGEIFS(All_Findings_Raw!$P$2:$P$4274,All_Findings_Raw!$T$2:$T$4274,1,All_Findings_Raw!$K$2:$K$4274,A12),0) -> 19.458333
A13: ML-Infrastructure | B13: 39 | C13: =SUMIFS(All_Findings_Raw!$S$2:$S$4274,All_Findings_Raw!$K$2:$K$4274,A13) -> 22 | D13: =SUMIFS(All_Findings_Raw!$T$2:$T$4274,All_Findings_Raw!$K$2:$K$4274,A13) -> 18 | E13: =IFERROR(D13/(D13+F13)*100,0) -> 10.11236 | F13: =SUMIFS(All_Findings_Raw!$R$2:$R$4274,All_Findings_Raw!$K$2:$K$4274,A13) -> 160 | G13: =SUMIFS(All_Findings_Raw!$U$2:$U$4274,All_Findings_Raw!$K$2:$K$4274,A13) -> 21 | H13: =SUMIFS(All_Findings_Raw!$R$2:$R$4274,All_Findings_Raw!$K$2:$K$4274,A13,All_Findings_Raw!$G$2:$G$4274,"Critical") -> 112 | I13: =SUMIFS(All_Findings_Raw!$V$2:$V$4274,All_Findings_Raw!$K$2:$K$4274,A13) -> 155 | J13: =IFERROR(AVERAGEIFS(All_Findings_Raw!$P$2:$P$4274,All_Findings_Raw!$T$2:$T$4274,1,All_Findings_Raw!$K$2:$K$4274,A13),0) -> 12.111111
A14: Marketing-Stack | B14: 42 | C14: =SUMIFS(All_Findings_Raw!$S$2:$S$4274,All_Findings_Raw!$K$2:$K$4274,A14) -> 23 | D14: =SUMIFS(All_Findings_Raw!$T$2:$T$4274,All_Findings_Raw!$K$2:$K$4274,A14) -> 19 | E14: =IFERROR(D14/(D14+F14)*100,0) -> 10.734463 | F14: =SUMIFS(All_Findings_Raw!$R$2:$R$4274,All_Findings_Raw!$K$2:$K$4274,A14) -> 158 | G14: =SUMIFS(All_Findings_Raw!$U$2:$U$4274,All_Findings_Raw!$K$2:$K$4274,A14) -> 19 | H14: =SUMIFS(All_Findings_Raw!$R$2:$R$4274,All_Findings_Raw!$K$2:$K$4274,A14,All_Findings_Raw!$G$2:$G$4274,"Critical") -> 102 | I14: =SUMIFS(All_Findings_Raw!$V$2:$V$4274,All_Findings_Raw!$K$2:$K$4274,A14) -> 148 | J14: =IFERROR(AVERAGEIFS(All_Findings_Raw!$P$2:$P$4274,All_Findings_Raw!$T$2:$T$4274,1,All_Findings_Raw!$K$2:$K$4274,A14),0) -> 22.052632
A15: Mobile-Backend | B15: 28 | C15: =SUMIFS(All_Findings_Raw!$S$2:$S$4274,All_Findings_Raw!$K$2:$K$4274,A15) -> 8 | D15: =SUMIFS(All_Findings_Raw!$T$2:$T$4274,All_Findings_Raw!$K$2:$K$4274,A15) -> 10 | E15: =IFERROR(D15/(D15+F15)*100,0) -> 9.6153846 | F15: =SUMIFS(All_Findings_Raw!$R$2:$R$4274,All_Findings_Raw!$K$2:$K$4274,A15) -> 94 | G15: =SUMIFS(All_Findings_Raw!$U$2:$U$4274,All_Findings_Raw!$K$2:$K$4274,A15) -> 12 | H15: =SUMIFS(All_Findings_Raw!$R$2:$R$4274,All_Findings_Raw!$K$2:$K$4274,A15,All_Findings_Raw!$G$2:$G$4274,"Critical") -> 56 | I15: =SUMIFS(All_Findings_Raw!$V$2:$V$4274,All_Findings_Raw!$K$2:$K$4274,A15) -> 93 | J15: =IFERROR(AVERAGEIFS(All_Findings_Raw!$P$2:$P$4274,All_Findings_Raw!$T$2:$T$4274,1,All_Findings_Raw!$K$2:$K$4274,A15),0) -> 19.4
... A18: Web-Frontend | B18: 29 | C18: =SUMIFS(All_Findings_Raw!$S$2:$S$4274,All_Findings_Raw!$K$2:$K$4274,A18) -> 16 | D18: =SUMIFS(All_Findings_Raw!$T$2:$T$4274,All_Findings_Raw!$K$2:$K$4274,A18) -> 11 | E18: =IFERROR(D18/(D18+F18)*100,0) -> 7.7464789 | F18: =SUMIFS(All_Findings_Raw!$R$2:$R$4274,All_Findings_Raw!$K$2:$K$4274,A18) -> 131 | G18: =SUMIFS(All_Findings_Raw!$U$2:$U$4274,All_Findings_Raw!$K$2:$K$4274,A18) -> 12 | H18: =SUMIFS(All_Findings_Raw!$R$2:$R$4274,All_Findings_Raw!$K$2:$K$4274,A18,All_Findings_Raw!$G$2:$G$4274,"Critical") -> 79 | I18: =SUMIFS(All_Findings_Raw!$V$2:$V$4274,All_Findings_Raw!$K$2:$K$4274,A18) -> 123 | J18: =IFERROR(AVERAGEIFS(All_Findings_Raw!$P$2:$P$4274,All_Findings_Raw!$T$2:$T$4274,1,All_Findings_Raw!$K$2:$K$4274,A18),0) -> 16.454545

Sheet Aging Analysis
A1: Aging of Currently-Open Findings
A3: Age Bucket | B3: All Open | C3: Critical | D3: High
A4: 0-30 days | B4: =COUNTIFS(All_Findings_Raw!$R$2:$R$4274,1,All_Findings_Raw!$O$2:$O$4274,">=0",All_Findings_Raw!$O$2:$O$4274,"<=30") -> 121 | C4: =COUNTIFS(All_Findings_Raw!$R$2:$R$4274,1,All_Findings_Raw!$O$2:$O$4274,">=0",All_Findings_Raw!$O$2:$O$4274,"<=30",All_Findings_Raw!$G$2:$G$4274,"Critical") -> 83 | D4: =COUNTIFS(All_Findings_Raw!$R$2:$R$4274,1,All_Findings_Raw!$O$2:$O$4274,">=0",All_Findings_Raw!$O$2:$O$4274,"<=30",All_Findings_Raw!$G$2:$G$4274,"High") -> 35
A5: 31-60 days | B5: =COUNTIFS(All_Findings_Raw!$R$2:$R$4274,1,All_Findings_Raw!$O$2:$O$4274,">=31",All_Findings_Raw!$O$2:$O$4274,"<=60") -> 180 | C5: =COUNTIFS(All_Findings_Raw!$R$2:$R$4274,1,All_Findings_Raw!$O$2:$O$4274,">=31",All_Findings_Raw!$O$2:$O$4274,"<=60",All_Findings_Raw!$G$2:$G$4274,"Critical") -> 115 | D5: =COUNTIFS(All_Findings_Raw!$R$2:$R$4274,1,All_Findings_Raw!$O$2:$O$4274,">=31",All_Findings_Raw!$O$2:$O$4274,"<=60",All_Findings_Raw!$G$2:$G$4274,"High") -> 58
A6: 61-90 days | B6: =COUNTIFS(All_Findings_Raw!$R$2:$R$4274,1,All_Findings_Raw!$O$2:$O$4274,">=61",All_Findings_Raw!$O$2:$O$4274,"<=90") -> 193 | C6: =COUNTIFS(All_Findings_Raw!$R$2:$R$4274,1,All_Findings_Raw!$O$2:$O$4274,">=61",All_Findings_Raw!$O$2:$O$4274,"<=90",All_Findings_Raw!$G$2:$G$4274,"Critical") -> 120 | D6: =COUNTIFS(All_Findings_Raw!$R$2:$R$4274,1,All_Findings_Raw!$O$2:$O$4274,">=61",All_Findings_Raw!$O$2:$O$4274,"<=90",All_Findings_Raw!$G$2:$G$4274,"High") -> 68
A7: 90+ days | B7: =COUNTIFS(All_Findings_Raw!$R$2:$R$4274,1,All_Findings_Raw!$O$2:$O$4274,">=91") -> 1323 | C7: =COUNTIFS(All_Findings_Raw!$R$2:$R$4274,1,All_Findings_Raw!$O$2:$O$4274,">=91",All_Findings_Raw!$G$2:$G$4274,"Critical") -> 829 | D7: =COUNTIFS(All_Findings_Raw!$R$2:$R$4274,1,All_Findings_Raw!$O$2:$O$4274,">=91",All_Findings_Raw!$G$2:$G$4274,"High") -> 448

Sheet Top Risks
A1: Risk Concentration
A3: Top Hosts by Open Critical + High Findings
A4: Hostname | B4: Tags | C4: Open Critical | D4: Open High | E4: Total
A5: HRSYSTEMS-0391 | B5: HR-Systems | C5: =SUMIFS(All_Findings_Raw!$R$2:$R$4274,All_Findings_Raw!$A$2:$A$4274,A5,All_Findings_Raw!$G$2:$G$4274,"Critical") -> 6 | D5: =SUMIFS(All_Findings_Raw!$R$2:$R$4274,All_Findings_Raw!$A$2:$A$4274,A5,All_Findings_Raw!$G$2:$G$4274,"High") -> 6 | E5: =C5+D5 -> 12
A6: PAYMENTSPROD-0023 | B6: Payments-Prod | C6: =SUMIFS(All_Findings_Raw!$R$2:$R$4274,All_Findings_Raw!$A$2:$A$4274,A6,All_Findings_Raw!$G$2:$G$4274,"Critical") -> 7 | D6: =SUMIFS(All_Findings_Raw!$R$2:$R$4274,All_Findings_Raw!$A$2:$A$4274,A6,All_Findings_Raw!$G$2:$G$4274,"High") -> 4 | E6: =C6+D6 -> 11
A7: LEGACYSYSTEMS-0497 | B7: Legacy-Systems | C7: =SUMIFS(All_Findings_Raw!$R$2:$R$4274,All_Findings_Raw!$A$2:$A$4274,A7,All_Findings_Raw!$G$2:$G$4274,"Critical") -> 6 | D7: =SUMIFS(All_Findings_Raw!$R$2:$R$4274,All_Findings_Raw!$A$2:$A$4274,A7,All_Findings_Raw!$G$2:$G$4274,"High") -> 5 | E7: =C7+D7 -> 11
A8: APIGATEWAY-0116 | B8: API-Gateway | C8: =SUMIFS(All_Findings_Raw!$R$2:$R$4274,All_Findings_Raw!$A$2:$A$4274,A8,All_Findings_Raw!$G$2:$G$4274,"Critical") -> 6 | D8: =SUMIFS(All_Findings_Raw!$R$2:$R$4274,All_Findings_Raw!$A$2:$A$4274,A8,All_Findings_Raw!$G$2:$G$4274,"High") -> 4 | E8: =C8+D8 -> 10
A9: DATAPLATFORM-0175 | B9: Data-Platform | C9: =SUMIFS(All_Findings_Raw!$R$2:$R$4274,All_Findings_Raw!$A$2:$A$4274,A9,All_Findings_Raw!$G$2:$G$4274,"Critical") -> 7 | D9: =SUMIFS(All_Findings_Raw!$R$2:$R$4274,All_Findings_Raw!$A$2:$A$4274,A9,All_Findings_Raw!$G$2:$G$4274,"High") -> 2 | E9: =C9+D9 -> 9
A10: LEGACYSYSTEMS-0495 | B10: Legacy-Systems | C10: =SUMIFS(All_Findings_Raw!$R$2:$R$4274,All_Findings_Raw!$A$2:$A$4274,A10,All_Findings_Raw!$G$2:$G$4274,"Critical") -> 7 | D10: =SUMIFS(All_Findings_Raw!$R$2:$R$4274,All_Findings_Raw!$A$2:$A$4274,A10,All_Findings_Raw!$G$2:$G$4274,"High") -> 2 | E10: =C10+D10 -> 9
A11: WEBFRONTEND-0090 | B11: Web-Frontend | C11: =SUMIFS(All_Findings_Raw!$R$2:$R$4274,All_Findings_Raw!$A$2:$A$4274,A11,All_Findings_Raw!$G$2:$G$4274,"Critical") -> 4 | D11: =SUMIFS(All_Findings_Raw!$R$2:$R$4274,All_Findings_Raw!$A$2:$A$4274,A11,All_Findings_Raw!$G$2:$G$4274,"High") -> 5 | E11: =C11+D11 -> 9
A12: FINANCESYSTEMS-0357 | B12: Finance-Systems | C12: =SUMIFS(All_Findings_Raw!$R$2:$R$4274,All_Findings_Raw!$A$2:$A$4274,A12,All_Findings_Raw!$G$2:$G$4274,"Critical") -> 5 | D12: =SUMIFS(All_Findings_Raw!$R$2:$R$4274,All_Findings_Raw!$A$2:$A$4274,A12,All_Findings_Raw!$G$2:$G$4274,"High") -> 4 | E12: =C12+D12 -> 9
A13: INTERNALTOOLS-0254 | B13: Internal-Tools | C13: =SUMIFS(All_Findings_Raw!$R$2:$R$4274,All_Findings_Raw!$A$2:$A$4274,A13,All_Findings_Raw!$G$2:$G$4274,"Critical") -> 4 | D13: =SUMIFS(All_Findings_Raw!$R$2:$R$4274,All_Findings_Raw!$A$2:$A$4274,A13,All_Findings_Raw!$G$2:$G$4274,"High") -> 5 | E13: =C13+D13 -> 9
A14: WEBFRONTEND-0084 | B14: Web-Frontend | C14: =SUMIFS(All_Findings_Raw!$R$2:$R$4274,All_Findings_Raw!$A$2:$A$4274,A14,All_Findings_Raw!$G$2:$G$4274,"Critical") -> 5 | D14: =SUMIFS(All_Findings_Raw!$R$2:$R$4274,All_Findings_Raw!$A$2:$A$4274,A14,All_Findings_Raw!$G$2:$G$4274,"High") -> 4 | E14: =C14+D14 -> 9
A15: PAYMENTSPROD-0012 | B15: Payments-Prod | C15: =SUMIFS(All_Findings_Raw!$R$2:$R$4274,All_Findings_Raw!$A$2:$A$4274,A15,All_Findings_Raw!$G$2:$G$4274,"Critical") -> 5 | D15: =SUMIFS(All_Findings_Raw!$R$2:$R$4274,All_Findings_Raw!$A$2:$A$4274,A15,All_Findings_Raw!$G$2:$G$4274,"High") -> 4 | E15: =C15+D15 -> 9
A16: MOBILEBACKEND-0303 | B16: Mobile-Backend | C16: =SUMIFS(All_Findings_Raw!$R$2:$R$4274,All_Findings_Raw!$A$2:$A$4274,A16,All_Findings_Raw!$G$2:$G$4274,"Critical") -> 5 | D16: =SUMIFS(All_Findings_Raw!$R$2:$R$4274,All_Findings_Raw!$A$2:$A$4274,A16,All_Findings_Raw!$G$2:$G$4274,"High") -> 3 | E16: =C16+D16 -> 8
... A19: MARKETINGSTACK-0422 | B19: Marketing-Stack | C19: =SUMIFS(All_Findings_Raw!$R$2:$R$4274,All_Findings_Raw!$A$2:$A$4274,A19,All_Findings_Raw!$G$2:$G$4274,"Critical") -> 6 | D19: =SUMIFS(All_Findings_Raw!$R$2:$R$4274,All_Findings_Raw!$A$2:$A$4274,A19,All_Findings_Raw!$G$2:$G$4274,"High") -> 2 | E19: =C19+D19 -> 8
A22: Most Recurring CVEs (currently open, across hosts)
A23: CVE ID | B23: Severity | C23: Product | D23: # Hosts Affected
A24: CVE-2024-3400 | B24: Critical | C24: PAN-OS | D24: =SUMIFS(All_Findings_Raw!$R$2:$R$4274,All_Findings_Raw!$E$2:$E$4274,A24) -> 77
A25: CVE-2021-44228 | B25: Critical | C25: Apache Log4j | D25: =SUMIFS(All_Findings_Raw!$R$2:$R$4274,All_Findings_Raw!$E$2:$E$4274,A25) -> 74
A26: CVE-2023-20887 | B26: High | C26: VMware Aria Operations | D26: =SUMIFS(All_Findings_Raw!$R$2:$R$4274,All_Findings_Raw!$E$2:$E$4274,A26) -> 72
A27: CVE-2023-22515 | B27: Critical | C27: Atlassian Confluence | D27: =SUMIFS(All_Findings_Raw!$R$2:$R$4274,All_Findings_Raw!$E$2:$E$4274,A27) -> 69
A28: CVE-2023-46604 | B28: Critical | C28: Apache ActiveMQ | D28: =SUMIFS(All_Findings_Raw!$R$2:$R$4274,All_Findings_Raw!$E$2:$E$4274,A28) -> 66
A29: CVE-2023-36884 | B29: High | C29: Microsoft Office | D29: =SUMIFS(All_Findings_Raw!$R$2:$R$4274,All_Findings_Raw!$E$2:$E$4274,A29) -> 64
A30: CVE-2024-23897 | B30: Critical | C30: Jenkins | D30: =SUMIFS(All_Findings_Raw!$R$2:$R$4274,All_Findings_Raw!$E$2:$E$4274,A30) -> 63
A31: CVE-2023-29357 | B31: Critical | C31: Microsoft SharePoint Server | D31: =SUMIFS(All_Findings_Raw!$R$2:$R$4274,All_Findings_Raw!$E$2:$E$4274,A31) -> 63
A32: CVE-2023-34362 | B32: Critical | C32: MOVEit Transfer | D32: =SUMIFS(All_Findings_Raw!$R$2:$R$4274,All_Findings_Raw!$E$2:$E$4274,A32) -> 62
A33: CVE-2024-6670 | B33: High | C33: MySQL | D33: =SUMIFS(All_Findings_Raw!$R$2:$R$4274,All_Findings_Raw!$E$2:$E$4274,A33) -> 62

Sheet Methodology & Assumptions
A1: Methodology & Assumptions
A3: • Data source: 15 detailed CrowdStrike finding-level export file(s), one per tag/project, combined on the 'All_Findings_Raw' sheet.
A4: • Reporting period: 2026-07-01 to 2026-07-31 — set in cells E1/E2 on the Exec Summary sheet; every formula in this workbook references those two cells, so changing them recalculates the whole report.
A5: • New = Created Date within the period. Remediated = Status is Closed (not Reopened) AND Closed Date within the period — both exact, from CrowdStrike's own timestamps.
A6: • Reopened findings count as currently OPEN (active risk), not resolved. A finding closed then reopened does NOT count as a remediation win, even if Closed Date falls in this period.
A7: • SLA targets: Critical=15d, High=30d, Medium=90d, Low=180d — see the small lookup table on All_Findings_Raw (columns AA:AB). Edit there to change SLA policy; formulas update automatically.
A8: • All Exec Summary, Leaderboard, Aging, and Top Risks figures are LIVE FORMULAS (COUNTIFS/SUMIFS/AVERAGEIFS) referencing All_Findings_Raw — edit or add rows there and the rest of the workbook recalculates.
A9: • Exception: 'Hosts' (unique host count) per tag on the Leaderboard is computed once at report-generation time, not as a live formula — true unique-count formulas are unreliable across Excel/LibreOffice versions at this scale. Regenerate the report to refresh this figure after adding new hosts.
A10: • This report expects each input file to include BOTH open and closed findings (not just currently-open) — if a file only has open findings, New/Remediated totals will be understated.
